単語,読み仮名,読み上げ用,使用範囲,JUMANカテゴリ,評価極性
人,ヒト,ヒト,10,人,e
物,モノ,モノ,10,人工物-その他,e
自分,ジブン,ジブン,10,人,e
家,イエ,イエ,10,組織・団体;場所-施設,-
手,テ,テ,10,動物-部位;抽象物,e
男,オトコ,オトコ,10,人,-
顔,カオ,カオ,10,動物-部位,-
子供,コドモ,コドモ,10,人,-
女,オンナ,オンナ,10,人,-
電話,デンワ,デンワ,10,人工物-その他,-
母,ハハ,ハハ,10,人,-
店,ミセ,ミセ,10,場所-施設,-
頭,アタマ,アタマ,10,動物-部位,?p?n
口,クチ,クチ,10,動物-部位;抽象物;形・模様,-
会社,カイシャ,カイシャ,10,組織・団体;場所-施設,-
父,チチ,チチ,10,人,-
先生,センセイ,センセイ,10,人,e
部屋,ヘヤ,ヘヤ,10,場所-施設,-
水,ミズ,ミズ,10,自然物,-
国,クニ,クニ,10,組織・団体;場所-その他,-
色,イロ,イロ,10,色,-
道,ミチ,ミチ,10,場所-施設,-
足,アシ,アシ,10,動物-部位,-
友達,トモダチ,トモダチ,10,人,p
学校,ガッコウ,ガッコウ,10,場所-施設,-
テレビ,テレビ,テレビ,10,人工物-その他,-
大学,ダイガク,ダイガク,10,場所-施設,-
山,ヤマ,ヤマ,10,場所-自然,-
写真,シャシン,シャシン,10,人工物-その他,-
家族,カゾク,カゾク,10,組織・団体,-
耳,ミミ,ミミ,10,動物-部位,-
犬,イヌ,イヌ,10,動物,-
木,キ,キ,10,植物,-
ホテル,ホテル,ホテル,10,場所-施設,-
酒,サケ,サケ,10,人工物-食べ物,-
海,ウミ,ウミ,10,場所-自然,-
駅,エキ,エキ,10,場所-施設,-
兄,アニ,アニ,10,人,-
料理,リョウリ,リョウリ,10,人工物-食べ物;抽象物,e
女の子,オンナノコ,オンナノコ,10,人,-
台,ダイ,ダイ,10,人工物-その他,e
窓,マド,マド,10,場所-施設部位,-
猫,ネコ,ネコ,10,動物,-
花,ハナ,ハナ,10,植物,e
ドア,ドア,ドア,10,場所-施設,e
歯,ハ,ハ,10,動物-部位,-
新聞,シンブン,シンブン,10,人工物-その他,-
伯父,オジ,オジ,10,人,-
川,カワ,カワ,10,場所-自然,-
姉,アネ,アネ,10,人,-
紙,カミ,カミ,10,人工物-その他,-
薬,クスリ,クスリ,10,人工物-その他,e
服,フク,フク,10,人工物-衣類,-
隣り,トナリ,トナリ,10,場所-その他,-
両親,リョウシン,リョウシン,10,人,-
タバコ,タバコ,タバコ,10,人工物-その他,-
大人,オトナ,オトナ,10,人,e
学生,ガクセイ,ガクセイ,10,人,-
鼻,ハナ,ハナ,10,動物-部位,-
村,ムラ,ムラ,10,組織・団体;場所-その他,-
箱,ハコ,ハコ,10,人工物-その他,-
黒,クロ,クロ,10,色,-
銀行,ギンコウ,ギンコウ,10,組織・団体;場所-施設,-
家庭,カテイ,カテイ,10,場所-その他,p
手紙,テガミ,テガミ,10,人工物-その他,-
椅子,イス,イス,10,人工物-その他,-
テーブル,テーブル,テーブル,10,人工物-その他,-
背,セ,セ,10,動物-部位;場所-機能,-
魚,サカナ,サカナ,10,動物,-
電車,デンシャ,デンシャ,10,人工物-乗り物,-
医者,イシャ,イシャ,10,人,-
伯母,オバ,オバ,10,人,-
ベッド,ベッド,ベッド,10,人工物-その他,-
絵,エ,エ,10,人工物-その他;抽象物,p
コーヒー,コーヒー,コーヒー,10,人工物-食べ物,-
弟,オトウト,オトウト,10,人,-
妹,イモウト,イモウト,10,人,-
白,シラ,シラ,10,色,-
風呂,フロ,フロ,10,人工物-その他,-
外国,ガイコク,ガイコク,10,場所-その他,-
雑誌,ザッシ,ザッシ,10,人工物-その他;抽象物,-
庭,ニワ,ニワ,10,場所-施設,-
玄関,ゲンカン,ゲンカン,10,場所-施設部位,-
男の子,オトコノコ,オトコノコ,10,人,-
兄弟,キョウダイ,キョウダイ,10,人,-
動物,ドウブツ,ドウブツ,10,動物,-
トイレ,トイレ,トイレ,10,場所-施設,-
肉,ニク,ニク,10,動物-部位;人工物-食べ物,-
建物,タテモノ,タテモノ,10,場所-施設,-
橋,ハシ,ハシ,10,場所-施設,-
御飯,ゴハン,ゴハン,10,人工物-食べ物,-
階段,カイダン,カイダン,10,場所-施設部位,-
鳥,トリ,トリ,10,動物,-
赤,アカ,アカ,10,色,-
鍵,カギ,カギ,10,人工物-その他,-
荷物,ニモツ,ニモツ,10,人工物-その他,-
コピー,コピー,コピー,10,人工物-その他;抽象物,-
時計,トケイ,トケイ,10,人工物-その他,-
公園,コウエン,コウエン,10,場所-施設,-
机,ツクエ,ツクエ,10,人工物-その他,-
門,モン,モン,10,場所-施設,-
アパート,アパート,アパート,10,場所-施設,-
戸,ト,ト,10,場所-施設,-
卵,タマゴ,タマゴ,10,人工物-食べ物;自然物,-
ノート,ノート,ノート,10,人工物-その他,-
カメラ,カメラ,カメラ,10,人工物-その他,-
菓子,カシ,カシ,10,人工物-食べ物,-
緑,ミドリ,ミドリ,10,色,e
シャツ,シャツ,シャツ,10,人工物-衣類,-
タクシー,タクシー,タクシー,10,人工物-乗り物,-
靴,クツ,クツ,10,人工物-衣類,-
入り口,イリグチ,イリグチ,10,場所-その他,-
廊下,ロウカ,ロウカ,10,場所-施設部位,-
クラス,クラス,クラス,10,組織・団体;抽象物,-
眼鏡,メガネ,メガネ,10,人工物-その他,-
テープ,テープ,テープ,10,人工物-その他,-
ポケット,ポケット,ポケット,10,人工物-その他,-
食べ物,タベモノ,タベモノ,10,人工物-食べ物,-
ラジオ,ラジオ,ラジオ,10,人工物-その他,-
青,アオ,アオ,10,色,-
教室,キョウシツ,キョウシツ,10,場所-施設,-
皿,サラ,サラ,9,人工物-その他,-
大勢,オオゼイ,オオゼイ,10,人,-
地図,チズ,チズ,10,人工物-その他;抽象物,-
野菜,ヤサイ,ヤサイ,10,植物;人工物-食べ物,-
洋服,ヨウフク,ヨウフク,10,人工物-衣類,-
レストラン,レストラン,レストラン,10,場所-施設,-
生徒,セイト,セイト,10,人,-
台所,ダイドコロ,ダイドコロ,10,場所-施設,-
池,イケ,イケ,10,場所-自然,-
ペン,ペン,ペン,10,人工物-その他,-
ボタン,ボタン,ボタン,9,植物;人工物-その他,e
カレー,カレー,カレー,10,人工物-食べ物,-
弁当,ベントウ,ベントウ,10,人工物-食べ物,-
カップ,カップ,カップ,10,人工物-その他,-
封筒,フウトウ,フウトウ,10,人工物-その他,-
財布,サイフ,サイフ,10,人工物-その他,-
帽子,ボウシ,ボウシ,10,人工物-衣類,-
塩,シオ,シオ,10,人工物-食べ物;自然物,-
ズボン,ズボン,ズボン,10,人工物-衣類,-
スカート,スカート,スカート,10,人工物-衣類,-
牛乳,ギュウニュウ,ギュウニュウ,10,人工物-食べ物;自然物,-
ナイフ,ナイフ,ナイフ,10,人工物-その他,-
砂糖,サトウ,サトウ,10,人工物-食べ物,-
傘,カサ,カサ,10,人工物-その他,-
醤油,ショウユ,ショウユ,9,人工物-食べ物,-
葉書,ハガキ,ハガキ,10,人工物-その他,-
コップ,コップ,コップ,10,人工物-その他,-
デパート,デパート,デパート,10,場所-施設,-
シャワー,シャワー,シャワー,10,人工物-その他,-
箸,ハシ,ハシ,10,人工物-その他,-
警官,ケイカン,ケイカン,10,人,-
鞄,カバン,カバン,10,人工物-その他,-
食堂,ショクドウ,ショクドウ,10,場所-施設,-
プール,プール,プール,10,場所-施設,-
黄色,キイロ,キイロ,10,色,-
エレベーター,エレベーター,エレベーター,10,人工物-乗り物,-
フィルム,フィルム,フィルム,10,人工物-その他,-
石鹸,セッケン,セッケン,10,人工物-その他,-
飲み物,ノミモノ,ノミモノ,10,人工物-食べ物,-
茶色,チャイロ,チャイロ,10,色,-
ギター,ギター,ギター,10,人工物-その他,-
切符,キップ,キップ,10,人工物-その他,-
出口,デグチ,デグチ,10,場所-施設部位,-
飴,アメ,アメ,10,人工物-食べ物,p
ネクタイ,ネクタイ,ネクタイ,10,人工物-衣類,-
上着,ウワギ,ウワギ,9,人工物-衣類,-
ハンカチ,ハンカチ,ハンカチ,10,人工物-その他,-
茶碗,チャワン,チャワン,9,人工物-その他,-
バター,バター,バター,10,人工物-食べ物,-
靴下,クツシタ,クツシタ,9,人工物-衣類,-
セーター,セーター,セーター,10,人工物-衣類,-
果物,クダモノ,クダモノ,10,植物;人工物-食べ物,-
夕飯,ユウハン,ユウハン,8,人工物-食べ物,-
紅茶,コウチャ,コウチャ,10,人工物-食べ物,-
鉛筆,エンピツ,エンピツ,10,人工物-その他,-
スリッパ,スリッパ,スリッパ,10,人工物-衣類,-
灰皿,ハイザラ,ハイザラ,10,人工物-その他,-
ストーブ,ストーブ,ストーブ,10,人工物-その他,-
スプーン,スプーン,スプーン,10,人工物-その他,-
カレンダー,カレンダー,カレンダー,9,人工物-その他,-
背広,セビロ,セビロ,10,人工物-衣類,e
交番,コウバン,コウバン,9,場所-施設,-
ワイシャツ,ワイシャツ,ワイシャツ,10,人工物-衣類,-
牛肉,ギュウニク,ギュウニク,10,人工物-食べ物,-
豚肉,ブタニク,ブタニク,9,動物-部位;人工物-食べ物,-
本棚,ホンダナ,ホンダナ,8,人工物-その他;場所-施設部位,-
花瓶,カビン,カビン,10,人工物-その他,-
八百屋,ヤオヤ,ヤオヤ,9,場所-施設,-
子,コ,コ,10,人,-
女性,ジョセイ,ジョセイ,10,人,e
場所,バショ,バショ,10,場所-その他,-
娘,ムスメ,ムスメ,10,人,-
世界,セカイ,セカイ,10,場所-その他,e
男性,ダンセイ,ダンセイ,10,人,-
主人,シュジン,シュジン,10,人,-
客,キャク,キャク,10,人,-
首,クビ,クビ,10,動物-部位,-
市,シ,シ,10,組織・団体;場所-その他,-
夫,オット,オット,10,人,-
周り,マワリ,マワリ,10,場所-その他,-
妻,ツマ,ツマ,10,人,-
息子,ムスコ,ムスコ,10,人,-
県,ケン,ケン,10,組織・団体;場所-その他,-
警察,ケイサツ,ケイサツ,10,組織・団体;場所-施設,e
船,フネ,フネ,10,人工物-乗り物,-
食事,ショクジ,ショクジ,10,人工物-食べ物,-
席,セキ,セキ,10,場所-施設部位,-
パソコン,パソコン,パソコン,10,人工物-その他,-
腕,ウデ,ウデ,10,動物-部位,-
高校,コウコウ,コウコウ,10,組織・団体;場所-施設,-
指,ユビ,ユビ,10,動物-部位,-
社会,シャカイ,シャカイ,10,場所-その他,-
火,ヒ,ヒ,10,自然物,-
血,チ,チ,10,自然物,e
髪,カミ,カミ,10,動物-部位,-
石,イシ,イシ,10,自然物,-
空気,クウキ,クウキ,10,自然物,e
ガラス,ガラス,ガラス,10,人工物-その他,-
近所,キンジョ,キンジョ,10,場所-その他,-
背中,セナカ,セナカ,10,動物-部位,-
社長,シャチョウ,シャチョウ,10,人,-
先輩,センパイ,センパイ,10,人,-
住所,ジュウショ,ジュウショ,10,場所-その他,-
都,ト,ト,10,組織・団体;場所-その他,-
森,モリ,モリ,10,場所-自然,-
布団,フトン,フトン,10,人工物-その他,-
喉,ノド,ノド,10,動物-部位,-
湯,ユ,ユ,10,自然物,-
赤ちゃん,アカチャン,アカチャン,10,人,-
区,ク,ク,10,組織・団体;場所-その他,-
虫,ムシ,ムシ,10,動物,-
毛,ケ,ケ,10,動物-部位,-
星,ホシ,ホシ,10,自然物,-
畳,タタミ,タタミ,10,人工物-その他,-
草,クサ,クサ,10,植物,-
漫画,マンガ,マンガ,10,人工物-その他;抽象物,-
雲,クモ,クモ,10,自然物,-
宅,タク,タク,10,場所-施設,-
道具,ドウグ,ドウグ,10,人工物-その他,-
葉,ハ,ハ,10,植物-部位,-
空港,クウコウ,クウコウ,10,場所-施設,-
プレゼント,プレゼント,プレゼント,10,人工物-その他;抽象物,p
田舎,イナカ,イナカ,10,場所-その他,-
機械,キカイ,キカイ,10,人工物-その他,-
祖母,ソボ,ソボ,10,人,-
工場,コウジョウ,コウジョウ,10,場所-施設,-
味噌,ミソ,ミソ,10,人工物-食べ物,-
着物,キモノ,キモノ,10,人工物-衣類,-
人形,ニンギョウ,ニンギョウ,10,人工物-その他,-
スーツ,スーツ,スーツ,10,人工物-衣類,-
枝,エダ,エダ,10,植物-部位,-
アルバイト,アルバイト,アルバイト,10,人;抽象物,-
部長,ブチョウ,ブチョウ,10,人,-
糸,イト,イト,10,人工物-その他,-
店員,テンイン,テンイン,10,人,e
コンピューター,コンピューター,コンピューター,10,人工物-その他,-
土産,ミヤゲ,ミヤゲ,10,人工物-食べ物;人工物-その他,p
湖,ミズウミ,ミズウミ,10,場所-自然,-
ガス,ガス,ガス,10,自然物,e
祖父,ソフ,ソフ,10,人,-
金持ち,カネモチ,カネモチ,10,人,-
ケーキ,ケーキ,ケーキ,10,人工物-食べ物,-
品物,シナモノ,シナモノ,10,人工物-その他,-
嬢,ジョウ,ジョウ,10,人,-
下着,シタギ,シタギ,9,人工物-衣類,-
会場,カイジョウ,カイジョウ,10,場所-その他,-
教会,キョウカイ,キョウカイ,10,組織・団体;場所-施設,-
パパ,パパ,パパ,10,人,-
砂,スナ,スナ,10,自然物,e
髭,ヒゲ,ヒゲ,10,動物-部位,-
棚,タナ,タナ,10,人工物-その他;場所-施設部位,-
神社,ジンジャ,ジンジャ,10,場所-施設,-
玩具,オモチャ,オモチャ,10,人工物-その他,-
海岸,カイガン,カイガン,10,場所-自然,-
ガソリン,ガソリン,ガソリン,10,自然物,-
旅館,リョカン,リョカン,10,場所-施設,-
カーテン,カーテン,カーテン,10,人工物-その他,-
ピアノ,ピアノ,ピアノ,10,人工物-その他,-
指輪,ユビワ,ユビワ,10,人工物-衣類,-
市民,シミン,シミン,10,人,-
港,ミナト,ミナト,10,場所-施設,-
アルコール,アルコール,アルコール,10,自然物,-
赤ん坊,アカンボウ,アカンボウ,10,人,-
課長,カチョウ,カチョウ,10,人,-
坂,サカ,サカ,10,場所-その他,-
西洋,セイヨウ,セイヨウ,10,場所-その他,-
サラダ,サラダ,サラダ,10,人工物-食べ物,-
テキスト,テキスト,テキスト,10,人工物-その他;抽象物,-
校長,コウチョウ,コウチョウ,10,人,-
電灯,デントウ,デントウ,10,人工物-その他,-
レジ,レジ,レジ,8,人工物-その他;場所-施設部位,-
アナウンサー,アナウンサー,アナウンサー,10,人,-
スクリーン,スクリーン,スクリーン,10,人工物-その他,-
手袋,テブクロ,テブクロ,9,人工物-衣類,-
水道,スイドウ,スイドウ,10,人工物-その他,-
暖房,ダンボウ,ダンボウ,10,人工物-その他,-
乗り物,ノリモノ,ノリモノ,10,人工物-乗り物,-
特急,トッキュウ,トッキュウ,9,人工物-乗り物,e
葡萄,ブドウ,ブドウ,10,植物;人工物-食べ物,-
売り場,ウリバ,ウリバ,10,場所-施設,-
アクセサリー,アクセサリー,アクセサリー,10,人工物-衣類,-
郊外,コウガイ,コウガイ,10,場所-その他,-
サンダル,サンダル,サンダル,10,人工物-衣類,e
急行,キュウコウ,キュウコウ,10,人工物-乗り物;抽象物,-
屋上,オクジョウ,オクジョウ,10,場所-その他,-
絹,キヌ,キヌ,10,人工物-その他,-
小鳥,コトリ,コトリ,9,動物,-
押し入れ,オシイレ,オシイレ,10,場所-施設部位,-
汽車,キシャ,キシャ,10,人工物-乗り物,-
オートバイ,オートバイ,オートバイ,10,人工物-乗り物,-
サンドイッチ,サンドイッチ,サンドイッチ,10,人工物-食べ物,-
冷房,レイボウ,レイボウ,10,人工物-その他;抽象物,-
贈り物,オクリモノ,オクリモノ,10,人工物-その他,-
辞典,ジテン,ジテン,10,人工物-その他;抽象物,-
木綿,モメン,モメン,10,人工物-その他,-
ステレオ,ステレオ,ステレオ,9,人工物-その他,-
ステーキ,ステーキ,ステーキ,10,人工物-食べ物,-
ワープロ,ワープロ,ワープロ,10,人工物-その他,-
ジャム,ジャム,ジャム,7,人工物-食べ物,-
ハンバーグ,ハンバーグ,ハンバーグ,8,人工物-食べ物,-
電報,デンポウ,デンポウ,10,人工物-その他;抽象物,-
エスカレーター,エスカレーター,エスカレーター,9,人工物-その他,-
床屋,トコヤ,トコヤ,8,場所-施設,-
講堂,コウドウ,コウドウ,9,場所-施設,-
人間,ニンゲン,ニンゲン,10,人,-
相手,アイテ,アイテ,10,人,-
地,チ,チ,10,場所-その他,-
実,ジツ,ジツ,10,植物-部位,p
人々,ヒトビト,ヒトビト,10,人,-
身,ミ,ミ,10,動物-部位,-
自身,ジシン,ジシン,10,人,-
地域,チイキ,チイキ,10,場所-その他,-
個人,コジン,コジン,10,人,-
親,オヤ,オヤ,10,人,-
図,ズ,ズ,10,人工物-その他;抽象物,-
面,メン,メン,10,人工物-その他,-
地方,チホウ,チホウ,10,場所-その他,-
政府,セイフ,セイフ,10,組織・団体,-
組織,ソシキ,ソシキ,10,組織・団体,-
国民,コクミン,コクミン,10,人,-
軍,グン,グン,10,組織・団体,-
土地,トチ,トチ,10,場所-その他,-
神,カミ,カミ,10,人,e
都市,トシ,トシ,10,場所-その他,-
国家,コッカ,コッカ,10,組織・団体,-
奴,ヤツ,ヤツ,10,人,e
機関,キカン,キカン,10,組織・団体,-
主,ヌシ,ヌシ,10,人,e
代表,ダイヒョウ,ダイヒョウ,10,人;抽象物,e
局,キョク,キョク,10,組織・団体;場所-施設部位,-
位置,イチ,イチ,10,場所-その他,-
友人,ユウジン,ユウジン,10,人,p
商品,ショウヒン,ショウヒン,10,人工物-その他,e
委員,イイン,イイン,10,人,-
人物,ジンブツ,ジンブツ,10,人,e
身体,シンタイ,シンタイ,10,動物,-
少年,ショウネン,ショウネン,10,人,-
胸,ムネ,ムネ,10,動物-部位,-
母親,ハハオヤ,ハハオヤ,10,人,-
街,マチ,マチ,10,場所-その他,-
天皇,テンノウ,テンノウ,10,人,e
教授,キョウジュ,キョウジュ,10,人,e
他人,タニン,タニン,10,人,-
本人,ホンニン,ホンニン,10,人,-
夫婦,フウフ,フウフ,10,組織・団体,-
王,オウ,オウ,10,人,-
仲間,ナカマ,ナカマ,10,組織・団体,p
全国,ゼンコク,ゼンコク,10,場所-その他,-
保護,ホゴ,ホゴ,10,人工物-その他,p
器,ウツワ,ウツワ,10,人工物-その他,-
父親,チチオヤ,チチオヤ,10,人,e
集団,シュウダン,シュウダン,10,組織・団体,-
資料,シリョウ,シリョウ,10,人工物-その他,-
園,ソノ,ソノ,10,場所-その他,-
城,シロ,シロ,10,場所-施設,-
ケース,ケース,ケース,10,人工物-その他;抽象物,-
師,シ,シ,10,人,-
馬,ウマ,ウマ,10,動物,-
施設,シセツ,シセツ,10,場所-施設,-
道路,ドウロ,ドウロ,10,場所-施設,-
腰,コシ,コシ,10,動物-部位;抽象物,-
住宅,ジュウタク,ジュウタク,10,場所-施設,-
老人,ロウジン,ロウジン,10,人,e
茶,チャ,チャ,10,人工物-食べ物,-
民族,ミンゾク,ミンゾク,10,組織・団体,-
項,コウ,コウ,10,人工物-その他,-
腹,ハラ,ハラ,10,動物-部位,-
若者,ワカモノ,ワカモノ,10,人,p
現場,ゲンバ,ゲンバ,10,場所-その他,-
団体,ダンタイ,ダンタイ,10,組織・団体,-
モデル,モデル,モデル,10,人;抽象物,-
全員,ゼンイン,ゼンイン,10,人,-
監督,カントク,カントク,10,人;抽象物,e
空間,クウカン,クウカン,10,場所-その他,p
センター,センター,センター,10,場所-施設;場所-機能,-
肩,カタ,カタ,10,動物-部位,-
版,ハン,ハン,10,人工物-その他;数量,-
海外,カイガイ,カイガイ,10,場所-その他,-
穴,アナ,アナ,10,場所-自然;抽象物,e
涙,ナミダ,ナミダ,10,自然物,-
大臣,ダイジン,ダイジン,10,人,-
住民,ジュウミン,ジュウミン,10,人,-
土,ツチ,ツチ,10,自然物,-
地球,チキュウ,チキュウ,10,自然物,-
民,ミン,ミン,10,人,-
床,ユカ,ユカ,10,場所-施設部位,-
州,シュウ,シュウ,10,組織・団体;場所-その他,-
中学,チュウガク,チュウガク,10,組織・団体;場所-施設,-
青年,セイネン,セイネン,10,人,-
話題,ワダイ,ワダイ,10,人工物-その他,p
教師,キョウシ,キョウシ,10,人,e
男女,ダンジョ,ダンジョ,10,人,-
地下,チカ,チカ,10,場所-施設部位,-
メーカー,メーカー,メーカー,10,組織・団体,-
材料,ザイリョウ,ザイリョウ,10,人工物-その他,-
女子,ジョシ,ジョシ,10,人,-
鉄,テツ,テツ,10,自然物,-
世代,セダイ,セダイ,10,人;時間,-
マン,マン,マン,10,人,-
組合,クミアイ,クミアイ,10,組織・団体,-
層,ソウ,ソウ,10,場所-自然,-
文書,ブンショ,ブンショ,10,人工物-その他,-
天,テン,テン,10,場所-自然,-
記者,キシャ,キシャ,10,人,-
府,フ,フ,10,組織・団体;場所-その他,-
社員,シャイン,シャイン,10,人,-
袋,フクロ,フクロ,10,人工物-その他,-
自宅,ジタク,ジタク,10,場所-施設,-
医師,イシ,イシ,10,人,e
携帯,ケイタイ,ケイタイ,10,人工物-その他;抽象物,-
選手,センシュ,センシュ,10,人,-
クラブ,クラブ,クラブ,10,組織・団体;人工物-その他;形・模様,-
神経,シンケイ,シンケイ,10,動物-部位,e
インターネット,インターネット,インターネット,10,人工物-その他,-
兵,ヘイ,ヘイ,10,人,-
領域,リョウイキ,リョウイキ,10,場所-その他,-
少女,ショウジョ,ショウジョ,10,人,-
板,イタ,イタ,10,人工物-その他,-
婦人,フジン,フジン,10,人,-
肌,ハダ,ハダ,10,動物-部位,-
製品,セイヒン,セイヒン,10,人工物-その他,-
人類,ジンルイ,ジンルイ,10,人,-
朝日,アサヒ,アサヒ,10,自然物,-
太陽,タイヨウ,タイヨウ,10,自然物,e
ビール,ビール,ビール,10,人工物-食べ物,-
法人,ホウジン,ホウジン,10,組織・団体,-
物質,ブッシツ,ブッシツ,10,自然物,e
舞台,ブタイ,ブタイ,10,場所-施設,-
マンション,マンション,マンション,10,場所-施設,-
夫人,フジン,フジン,10,人,-
職員,ショクイン,ショクイン,10,人,-
職場,ショクバ,ショクバ,10,場所-その他,-
宇宙,ウチュウ,ウチュウ,10,場所-自然,-
メンバー,メンバー,メンバー,10,人,-
チーム,チーム,チーム,10,組織・団体,-
地元,ジモト,ジモト,10,場所-その他,-
柱,ハシラ,ハシラ,10,人工物-その他,-
郡,グン,グン,10,組織・団体;場所-その他,-
画面,ガメン,ガメン,10,人工物-その他,-
本書,ホンショ,ホンショ,10,人工物-その他;抽象物,-
民間,ミンカン,ミンカン,10,場所-その他,-
幕府,バクフ,バクフ,10,組織・団体;場所-施設,-
脳,ノウ,ノウ,10,動物-部位,-
ママ,ママ,ママ,10,人,-
表面,ヒョウメン,ヒョウメン,10,場所-その他,-
生物,セイブツ,セイブツ,10,動物;植物,-
帝国,テイコク,テイコク,10,場所-その他,-
笑顔,エガオ,エガオ,10,動物-部位,p
各地,カクチ,カクチ,10,場所-その他,-
読者,ドクシャ,ドクシャ,10,人,e
会長,カイチョウ,カイチョウ,10,人,-
岩,イワ,イワ,10,自然物,-
植物,ショクブツ,ショクブツ,10,植物,-
脇,ワキ,ワキ,10,動物-部位;場所-機能,-
真剣,シンケン,シンケン,10,人工物-その他,p
地区,チク,チク,10,場所-その他,-
ネット,ネット,ネット,10,人工物-その他;抽象物,-
藩,ハン,ハン,10,組織・団体,-
キー,キー,キー,10,人工物-その他;抽象物,-
広告,コウコク,コウコク,10,人工物-その他;抽象物,e
ライン,ライン,ライン,10,人工物-その他;抽象物,-
連合,レンゴウ,レンゴウ,10,組織・団体;抽象物,e
地上,チジョウ,チジョウ,10,場所-その他,-
鉄道,テツドウ,テツドウ,10,組織・団体;人工物-その他,-
網,アミ,アミ,10,人工物-その他,-
刑事,ケイジ,ケイジ,10,人,-
畑,ハタケ,ハタケ,10,場所-その他,-
ビデオ,ビデオ,ビデオ,10,人工物-その他,-
小屋,コヤ,コヤ,10,場所-施設,-
サイト,サイト,サイト,10,場所-その他,-
諸国,ショコク,ショコク,10,場所-その他,-
連中,レンジュウ,レンジュウ,10,人,e
屋敷,ヤシキ,ヤシキ,10,場所-施設,-
鬼,オニ,オニ,10,人,e
側面,ソクメン,ソクメン,10,場所-その他,-
桜,サクラ,サクラ,10,植物,-
旦那,ダンナ,ダンナ,10,人,-
帯,オビ,オビ,10,人工物-衣類;抽象物,-
大統領,ダイトウリョウ,ダイトウリョウ,10,人,p
両手,リョウテ,リョウテ,10,動物-部位,-
膝,ヒザ,ヒザ,10,動物-部位,-
協会,キョウカイ,キョウカイ,10,組織・団体,-
温泉,オンセン,オンセン,10,場所-自然,e
背後,ハイゴ,ハイゴ,10,場所-その他,-
姫,ヒメ,ヒメ,9,人,-
親父,オヤジ,オヤジ,10,人,-
右手,ミギテ,ミギテ,10,動物-部位,-
現地,ゲンチ,ゲンチ,10,場所-その他,-
根,ネ,ネ,10,植物-部位,-
書類,ショルイ,ショルイ,10,人工物-その他,-
議員,ギイン,ギイン,10,人,e
小学,ショウガク,ショウガク,10,組織・団体;場所-施設,-
武士,ブシ,ブシ,10,人,-
主婦,シュフ,シュフ,10,人,-
作家,サッカ,サッカ,10,人,e
汗,アセ,アセ,10,自然物,e
要,ヨウ,ヨウ,10,人工物-その他;抽象物,p
方面,ホウメン,ホウメン,10,場所-その他,-
筋,スジ,スジ,10,動物-部位;人工物-食べ物,-
両者,リョウシャ,リョウシャ,10,人;抽象物,-
首相,シュショウ,シュショウ,10,人,-
油,アブラ,アブラ,10,自然物,-
己,オノレ,オノレ,10,人,-
里,サト,サト,10,場所-自然,-
肉体,ニクタイ,ニクタイ,10,動物,-
バー,バー,バー,10,場所-施設,-
列車,レッシャ,レッシャ,10,人工物-乗り物,-
海軍,カイグン,カイグン,10,組織・団体,-
孫,マゴ,マゴ,10,人,e
電子,デンシ,デンシ,10,自然物,-
会員,カイイン,カイイン,10,人,-
装置,ソウチ,ソウチ,10,人工物-その他,-
欄,ラン,ラン,10,人工物-その他,-
跡,アト,アト,10,場所-その他;形・模様,e
恋人,コイビト,コイビト,10,人,p
エンジン,エンジン,エンジン,10,人工物-その他,-
将軍,ショウグン,ショウグン,10,人,p
尻,シリ,シリ,10,動物-部位,-
カー,カー,カー,10,人工物-乗り物,-
上司,ジョウシ,ジョウシ,10,人,-
嫁,ヨメ,ヨメ,10,人,-
ワイン,ワイン,ワイン,10,人工物-食べ物,-
部下,ブカ,ブカ,10,人,-
武器,ブキ,ブキ,10,人工物-その他,-
巣,ス,ス,10,場所-自然,e
棒,ボウ,ボウ,10,人工物-その他;形・模様,-
筆者,ヒッシャ,ヒッシャ,10,人,-
メモ,メモ,メモ,10,人工物-その他,-
扉,トビラ,トビラ,10,場所-施設,e
宿,ヤド,ヤド,10,場所-施設,-
農民,ノウミン,ノウミン,10,人,-
親子,オヤコ,オヤコ,10,組織・団体,-
大陸,タイリク,タイリク,10,場所-自然,-
屋根,ヤネ,ヤネ,10,場所-施設部位,-
実家,ジッカ,ジッカ,10,場所-施設,-
猿,サル,サル,10,動物,-
粉,コナ,コナ,10,自然物,e
男子,ダンシ,ダンシ,10,人,-
役所,ヤクショ,ヤクショ,10,組織・団体;場所-施設,-
天井,テンジョウ,テンジョウ,10,場所-施設部位,-
牛,ウシ,ウシ,10,動物,-
天下,テンカ,テンカ,10,場所-その他,-
食品,ショクヒン,ショクヒン,10,人工物-食べ物,-
資源,シゲン,シゲン,10,自然物,p
印,シルシ,シルシ,10,人工物-その他,e
博物,ハクブツ,ハクブツ,10,人工物-その他,-
舌,シタ,シタ,10,動物-部位,-
蔵,クラ,クラ,10,場所-施設,-
全身,ゼンシン,ゼンシン,10,動物-部位,-
大衆,タイシュウ,タイシュウ,10,人,e
左手,ヒダリテ,ヒダリテ,10,動物-部位,-
瓶,ビン,ビン,10,人工物-その他,-
農村,ノウソン,ノウソン,10,場所-その他,-
竜,リュウ,リュウ,10,動物,-
内閣,ナイカク,ナイカク,10,組織・団体,-
兵士,ヘイシ,ヘイシ,10,人,-
基盤,キバン,キバン,10,人工物-その他;抽象物,p
職人,ショクニン,ショクニン,10,人,p
学者,ガクシャ,ガクシャ,10,人,-
夕食,ユウショク,ユウショク,10,人工物-食べ物,-
ハウス,ハウス,ハウス,10,場所-施設,-
剣,ケン,ケン,10,人工物-その他,-
半島,ハントウ,ハントウ,10,場所-自然,-
枠,ワク,ワク,10,人工物-その他;抽象物,-
皮,カワ,カワ,10,動物-部位;植物-部位,-
議会,ギカイ,ギカイ,10,組織・団体,-
経緯,ケイイ,ケイイ,10,場所-その他,-
味方,ミカタ,ミカタ,10,人,p
貴族,キゾク,キゾク,10,人,-
素材,ソザイ,ソザイ,10,人工物-その他,e
一家,イッカ,イッカ,10,組織・団体,-
基地,キチ,キチ,10,場所-施設,e
我が家,ワガヤ,ワガヤ,10,場所-施設,-
大手,オオテ,オオテ,10,組織・団体;場所-施設,-
地面,ジメン,ジメン,10,場所-その他,-
児童,ジドウ,ジドウ,10,人,-
田,タ,タ,10,場所-その他,-
故郷,コキョウ,コキョウ,10,場所-その他,-
ファイル,ファイル,ファイル,10,人工物-その他,-
塔,トウ,トウ,10,場所-施設,-
心臓,シンゾウ,シンゾウ,10,動物-部位,-
理事,リジ,リジ,10,人,e
蓋,フタ,フタ,10,人工物-その他,-
幹部,カンブ,カンブ,10,人,e
鍋,ナベ,ナベ,10,人工物-その他,-
京,キョウ,キョウ,10,場所-施設,-
機構,キコウ,キコウ,10,組織・団体,-
著者,チョシャ,チョシャ,10,人,-
地帯,チタイ,チタイ,10,場所-その他,-
陸軍,リクグン,リクグン,10,組織・団体,-
国会,コッカイ,コッカイ,10,組織・団体,-
首都,シュト,シュト,10,場所-その他,-
官僚,カンリョウ,カンリョウ,10,人,-
血液,ケツエキ,ケツエキ,10,自然物,-
民衆,ミンシュウ,ミンシュウ,10,人,-
券,ケン,ケン,10,人工物-その他,-
同僚,ドウリョウ,ドウリョウ,10,人,-
弟子,デシ,デシ,10,人,e
汁,ツユ,ツユ,10,人工物-食べ物;自然物,e
飯,メシ,メシ,10,人工物-食べ物,-
部隊,ブタイ,ブタイ,10,組織・団体,-
美人,ビジン,ビジン,10,人,p
湾,ワン,ワン,10,場所-自然,-
蛇,ヘビ,ヘビ,10,動物,e
松,マツ,マツ,10,植物,-
東洋,トウヨウ,トウヨウ,10,場所-その他,-
布,ヌノ,ヌノ,10,人工物-その他,-
商店,ショウテン,ショウテン,10,場所-施設,-
看板,カンバン,カンバン,10,人工物-その他,-
メニュー,メニュー,メニュー,10,人工物-その他,e
年寄り,トシヨリ,トシヨリ,10,人,-
各国,カッコク,カッコク,10,場所-その他,-
長男,チョウナン,チョウナン,10,人,e
商人,ショウニン,ショウニン,10,人,-
足元,アシモト,アシモト,10,場所-その他,-
缶,カン,カン,10,人工物-その他,-
唇,クチビル,クチビル,10,動物-部位,-
細胞,サイボウ,サイボウ,10,動物-部位;植物-部位,-
銃,ジュウ,ジュウ,10,人工物-その他,-
女房,ニョウボウ,ニョウボウ,10,人,-
餌,エサ,エサ,10,人工物-食べ物,-
親戚,シンセキ,シンセキ,10,人,-
皇帝,コウテイ,コウテイ,10,人,p
谷,タニ,タニ,10,場所-自然,-
全面,ゼンメン,ゼンメン,10,場所-その他,-
学会,ガッカイ,ガッカイ,10,組織・団体;抽象物,-
書店,ショテン,ショテン,10,場所-施設,-
バッグ,バッグ,バッグ,10,人工物-その他,-
住居,ジュウキョ,ジュウキョ,10,場所-施設,-
人民,ジンミン,ジンミン,10,人,-
農家,ノウカ,ノウカ,10,場所-施設,-
頬,ホオ,ホオ,10,動物-部位,-
サラリーマン,サラリーマン,サラリーマン,10,人,-
石油,セキユ,セキユ,10,自然物,e
知人,チジン,チジン,10,人,-
票,ヒョウ,ヒョウ,10,人工物-その他,-
爪,ツメ,ツメ,10,動物-部位,e
金属,キンゾク,キンゾク,10,自然物,-
株主,カブヌシ,カブヌシ,10,人,-
手元,テモト,テモト,10,場所-その他,-
一族,イチゾク,イチゾク,10,組織・団体,-
先端,センタン,センタン,10,場所-その他,-
銀,ギン,ギン,10,自然物,-
信号,シンゴウ,シンゴウ,10,人工物-その他,-
ゴム,ゴム,ゴム,10,植物;人工物-その他,-
帝,ミカド,ミカド,8,人,-
ショップ,ショップ,ショップ,10,場所-施設,-
軍隊,グンタイ,グンタイ,10,組織・団体,-
脚,アシ,アシ,10,動物-部位,-
役人,ヤクニン,ヤクニン,10,人,-
ウインドー,ウインドー,ウインドー,10,場所-施設部位,-
行方,ユクエ,ユクエ,10,場所-その他,-
都会,トカイ,トカイ,10,場所-その他,-
画,ガ,ガ,10,人工物-その他;抽象物,-
スペース,スペース,スペース,10,場所-その他,e
他者,タシャ,タシャ,10,人,-
幹線,カンセン,カンセン,10,場所-施設,-
地点,チテン,チテン,10,場所-その他,-
広場,ヒロバ,ヒロバ,10,場所-施設,-
軸,ジク,ジク,10,人工物-その他;抽象物,-
野,ノ,ノ,10,場所-自然,-
皮膚,ヒフ,ヒフ,9,動物-部位,-
人材,ジンザイ,ジンザイ,10,人,e
食料,ショクリョウ,ショクリョウ,10,人工物-食べ物,-
長官,チョウカン,チョウカン,10,人,-
友,トモ,トモ,10,人,-
ルーム,ルーム,ルーム,10,場所-施設,-
丘,オカ,オカ,10,場所-自然,-
知事,チジ,チジ,10,人,-
鼠,ネズミ,ネズミ,10,動物,-
筆,フデ,フデ,10,人工物-その他,-
熊,クマ,クマ,10,動物,-
クリーム,クリーム,クリーム,10,人工物-その他,-
僧,ソウ,ソウ,10,人,-
林檎,リンゴ,リンゴ,10,植物;人工物-食べ物,-
スター,スター,スター,10,人,p
移民,イミン,イミン,10,人;抽象物,e
一行,イッコウ,イッコウ,10,組織・団体,-
カバー,カバー,カバー,10,人工物-その他;抽象物,-
役員,ヤクイン,ヤクイン,10,人,-
姉妹,シマイ,シマイ,10,人,-
掌,テノヒラ,テノヒラ,10,動物-部位,-
キス,キス,キス,10,動物;人工物-食べ物,e
胃,イ,イ,10,動物-部位,-
食糧,ショクリョウ,ショクリョウ,10,人工物-食べ物,-
虎,トラ,トラ,10,動物,-
紐,ヒモ,ヒモ,10,人工物-その他,-
秘書,ヒショ,ヒショ,10,人,-
持ち主,モチヌシ,モチヌシ,10,人,-
連邦,レンポウ,レンポウ,10,組織・団体,-
朝食,チョウショク,チョウショク,10,人工物-食べ物,-
顎,アゴ,アゴ,10,動物-部位,e
鶏,ニワトリ,ニワトリ,10,動物,-
奴隷,ドレイ,ドレイ,10,人,-
幼児,ヨウジ,ヨウジ,10,人,e
竹,タケ,タケ,10,植物,-
白人,ハクジン,ハクジン,10,人,e
業者,ギョウシャ,ギョウシャ,10,人,-
庶民,ショミン,ショミン,10,人,-
オフィス,オフィス,オフィス,10,場所-施設,-
スクール,スクール,スクール,10,組織・団体;場所-施設,-
カウンター,カウンター,カウンター,10,場所-施設部位,-
総理,ソウリ,ソウリ,10,人,-
余所,ヨソ,ヨソ,10,場所-その他,-
昼食,チュウショク,チュウショク,10,人工物-食べ物,-
ホワイト,ホワイト,ホワイト,10,色,-
中華,チュウカ,チュウカ,10,組織・団体;人工物-食べ物,e
車両,シャリョウ,シャリョウ,10,人工物-乗り物,-
生き物,イキモノ,イキモノ,10,動物;植物,-
グリーン,グリーン,グリーン,10,色,-
所在,ショザイ,ショザイ,10,場所-その他,-
旗,ハタ,ハタ,10,人工物-その他,-
文庫,ブンコ,ブンコ,10,場所-施設,-
兵器,ヘイキ,ヘイキ,10,人工物-その他,-
筋肉,キンニク,キンニク,10,動物-部位,p
ブルー,ブルー,ブルー,10,色,e
ピンク,ピンク,ピンク,10,色,-
こつ,コツ,コツ,10,動物-部位,-
餅,モチ,モチ,10,人工物-食べ物,-
国境,コッキョウ,コッキョウ,10,場所-その他,-
豆腐,トウフ,トウフ,10,人工物-食べ物,-
半身,ハンシン,ハンシン,10,動物-部位;抽象物,-
成人,セイジン,セイジン,10,人,-
中年,チュウネン,チュウネン,10,人;時間,-
世帯,セタイ,セタイ,10,組織・団体,-
衣,イ,イ,10,人工物-衣類,-
ボランティア,ボランティア,ボランティア,10,人,e
住まい,スマイ,スマイ,10,場所-施設,e
艦隊,カンタイ,カンタイ,10,組織・団体,-
親族,シンゾク,シンゾク,10,組織・団体,-
タオル,タオル,タオル,10,人工物-その他,-
遺族,イゾク,イゾク,10,組織・団体,-
燐,リン,リン,10,自然物,-
弾,タマ,タマ,10,人工物-その他,-
作者,サクシャ,サクシャ,10,人,-
亀,カメ,カメ,10,動物,-
黒人,コクジン,コクジン,10,人,-
海上,カイジョウ,カイジョウ,10,場所-その他,-
当局,トウキョク,トウキョク,10,組織・団体,-
主題,シュダイ,シュダイ,10,人工物-その他,-
路線,ロセン,ロセン,10,場所-その他,-
大使,タイシ,タイシ,10,人,-
余地,ヨチ,ヨチ,10,場所-その他,e
片手,カタテ,カタテ,10,動物-部位,-
大将,タイショウ,タイショウ,10,人,-
軍人,グンジン,グンジン,10,人,-
オイル,オイル,オイル,10,自然物,-
豚,ブタ,ブタ,10,動物,-
助手,ジョシュ,ジョシュ,10,人,e
集落,シュウラク,シュウラク,10,場所-その他,-
アプローチ,アプローチ,アプローチ,10,場所-施設部位;抽象物,-
羽根,ハネ,ハネ,10,動物-部位,-
塾,ジュク,ジュク,10,場所-その他,-
業界,ギョウカイ,ギョウカイ,10,場所-その他,-
衆,シュウ,シュウ,10,組織・団体,-
井戸,イド,イド,10,場所-その他,-
機器,キキ,キキ,10,人工物-その他,-
キッチン,キッチン,キッチン,10,場所-施設,-
寮,リョウ,リョウ,10,場所-施設,-
街道,カイドウ,カイドウ,10,場所-施設,-
餡,アン,アン,10,人工物-食べ物,-
レンズ,レンズ,レンズ,10,人工物-その他,-
手帳,テチョウ,テチョウ,10,人工物-その他,-
侍,サムライ,サムライ,10,人,-
壺,ツボ,ツボ,10,人工物-その他,-
敷地,シキチ,シキチ,10,場所-その他,-
ラーメン,ラーメン,ラーメン,10,人工物-食べ物,-
燃料,ネンリョウ,ネンリョウ,10,人工物-その他,-
尾,オ,オ,10,動物-部位,-
矢,ヤ,ヤ,10,人工物-その他,-
大地,ダイチ,ダイチ,10,場所-その他,-
奉行,ブギョウ,ブギョウ,10,人,-
帆,ホ,ホ,10,人工物-その他,-
酸素,サンソ,サンソ,10,自然物,-
父母,フボ,フボ,10,人,e
スープ,スープ,スープ,10,人工物-食べ物,-
王国,オウコク,オウコク,10,場所-その他,-
分子,ブンシ,ブンシ,10,自然物,-
詩人,シジン,シジン,10,人,e
マネージャー,マネージャー,マネージャー,10,人,-
先祖,センゾ,センゾ,10,人,-
書物,ショモツ,ショモツ,10,人工物-その他,-
滝,タキ,タキ,10,場所-自然,-
烏,カラス,カラス,10,動物,-
仕手,シテ,シテ,10,人,-
百姓,ヒャクショウ,ヒャクショウ,9,人,-
トンネル,トンネル,トンネル,10,場所-施設,-
梅,ウメ,ウメ,9,植物;人工物-食べ物,-
一同,イチドウ,イチドウ,10,人,e
峠,トウゲ,トウゲ,10,場所-自然,e
ミルク,ミルク,ミルク,10,人工物-食べ物,-
皺,シワ,シワ,10,動物-部位,e
スキー,スキー,スキー,10,人工物-その他,-
バイク,バイク,バイク,10,人工物-乗り物,-
ボックス,ボックス,ボックス,10,人工物-その他,-
菊,キク,キク,10,植物,-
薔薇,バラ,バラ,10,植物,-
芋,イモ,イモ,10,植物;人工物-食べ物,-
甲,コウ,コウ,10,動物-部位,-
黄金,オウゴン,オウゴン,10,人工物-その他;色,-
著書,チョショ,チョショ,10,人工物-その他;抽象物,-
米軍,ベイグン,ベイグン,10,組織・団体,-
国王,コクオウ,コクオウ,10,人,-
巨人,キョジン,キョジン,10,人,-
座敷,ザシキ,ザシキ,10,場所-施設,-
朝廷,チョウテイ,チョウテイ,9,場所-その他,-
ツール,ツール,ツール,10,人工物-その他,-
豆,マメ,マメ,10,植物,-
養子,ヨウシ,ヨウシ,10,人,-
大根,ダイコン,ダイコン,10,植物;人工物-食べ物,-
窓口,マドグチ,マドグチ,10,場所-その他,-
森林,シンリン,シンリン,10,場所-自然,-
区域,クイキ,クイキ,10,場所-その他,-
探偵,タンテイ,タンテイ,10,人,-
チーズ,チーズ,チーズ,10,人工物-食べ物,-
手足,テアシ,テアシ,10,動物-部位;抽象物,e
役者,ヤクシャ,ヤクシャ,10,人,-
ソファー,ソファー,ソファー,10,人工物-その他,-
顔色,カオイロ,カオイロ,10,色,-
衣装,イショウ,イショウ,10,人工物-衣類,-
盾,タテ,タテ,10,人工物-その他,-
瞳,ヒトミ,ヒトミ,9,動物-部位,-
沖,オキ,オキ,10,場所-自然,-
講師,コウシ,コウシ,10,人,p
紳士,シンシ,シンシ,10,人,-
駅前,エキマエ,エキマエ,10,場所-その他,-
乳,チチ,チチ,10,自然物,-
本社,ホンシャ,ホンシャ,10,組織・団体;場所-施設,-
貝,カイ,カイ,10,動物,-
通路,ツウロ,ツウロ,10,場所-施設部位,-
縄,ナワ,ナワ,10,人工物-その他,-
プレーヤー,プレーヤー,プレーヤー,10,人,e
姑,シュウトメ,シュウトメ,10,人,e
チェーン,チェーン,チェーン,10,人工物-その他,-
座席,ザセキ,ザセキ,10,場所-施設部位,-
籠,カゴ,カゴ,10,人工物-その他,-
バンク,バンク,バンク,10,場所-施設,-
浜,ハマ,ハマ,10,場所-自然,-
通訳,ツウヤク,ツウヤク,10,人;抽象物,e
観客,カンキャク,カンキャク,10,人,-
親友,シンユウ,シンユウ,9,人,p
制服,セイフク,セイフク,10,人工物-その他,-
蚊,カ,カ,10,動物,-
懐,フトコロ,フトコロ,10,場所-その他,-
配偶,ハイグウ,ハイグウ,10,人;抽象物,-
支店,シテン,シテン,10,場所-施設,-
ボディー,ボディー,ボディー,10,動物-部位,-
房,ボウ,ふさ,10,植物-部位;人工物-その他;抽象物,-
家具,カグ,カグ,10,人工物-その他,-
書房,ショボウ,ショボウ,10,場所-施設,-
陛下,ヘイカ,ヘイカ,10,人,-
寺院,ジイン,ジイン,10,組織・団体;場所-施設,-
警視,ケイシ,ケイシ,10,人,-
ドライバー,ドライバー,ドライバー,9,人;人工物-その他,-
女王,ジョオウ,ジョオウ,10,人,e
主役,シュヤク,シュヤク,10,人,e
繊維,センイ,センイ,10,動物-部位;植物-部位,-
マスター,マスター,マスター,10,人,-
綿,メン,メン,10,植物;人工物-その他,-
砂漠,サバク,サバク,10,場所-自然,-
ベルト,ベルト,ベルト,10,人工物-衣類,-
スイッチ,スイッチ,スイッチ,10,人工物-その他,-
芯,シン,シン,10,人工物-その他,-
スタンド,スタンド,スタンド,10,場所-その他,-
道場,ドウジョウ,ドウジョウ,9,場所-施設,-
灰,ハイ,ハイ,10,自然物,e
上流,ジョウリュウ,ジョウリュウ,10,場所-その他,-
市街,シガイ,シガイ,10,場所-その他,-
羊,ヒツジ,ヒツジ,10,動物,-
遺跡,イセキ,イセキ,9,場所-その他,-
総務,ソウム,ソウム,10,人,-
液,エキ,エキ,9,自然物,e
寿司,スシ,スシ,10,人工物-食べ物,-
ベンチ,ベンチ,ベンチ,10,人工物-その他,-
関,ゼキ,セキ,10,場所-その他,-
原爆,ゲンバク,ゲンバク,10,人工物-その他,-
原子,ゲンシ,ゲンシ,10,自然物,-
グレー,グレー,グレー,10,色,e
紅葉,コウヨウ,コウヨウ,8,植物-部位;抽象物,-
宝,タカラ,タカラ,10,人工物-その他,-
倉庫,ソウコ,ソウコ,10,場所-施設,-
溝,ミゾ,ミゾ,10,場所-施設部位,-
鐘,カネ,カネ,10,人工物-その他,-
信者,シンジャ,シンジャ,10,人,-
黄,キ,キ,10,色,e
ユーザー,ユーザー,ユーザー,10,人,-
初代,ショダイ,ショダイ,10,人,-
消防,ショウボウ,ショウボウ,9,組織・団体,-
桃,モモ,モモ,9,植物;人工物-食べ物,-
幕,マク,マク,10,人工物-その他,-
衣服,イフク,イフク,10,人工物-衣類,-
鉄砲,テッポウ,テッポウ,10,人工物-その他,-
麺,メン,メン,10,人工物-食べ物,-
大名,ダイミョウ,ダイミョウ,10,人,-
象,ゾウ,ゾウ,10,動物,-
主任,シュニン,シュニン,10,人,-
拳,コブシ,コブシ,10,動物-部位,-
カップル,カップル,カップル,10,組織・団体,-
教員,キョウイン,キョウイン,10,人,e
槍,ヤリ,ヤリ,10,人工物-その他,-
眉,マユ,マユ,10,動物-部位,-
坊主,ボウズ,ボウズ,10,人,e
大国,タイコク,タイコク,10,場所-その他,p
コンクリート,コンクリート,コンクリート,10,人工物-その他,-
食器,ショッキ,ショッキ,10,人工物-その他,-
聖書,セイショ,セイショ,10,人工物-その他;抽象物,e
身内,ミウチ,ミウチ,9,人,-
国土,コクド,コクド,10,場所-その他,-
杉,スギ,スギ,10,植物,-
天才,テンサイ,テンサイ,10,人,p
テント,テント,テント,9,人工物-その他,-
店舗,テンポ,テンポ,10,場所-施設,-
エリア,エリア,エリア,10,場所-その他,-
蝦,エビ,エビ,10,動物;人工物-食べ物,-
羽,ハネ,ハネ,10,動物-部位,-
ビニール,ビニール,ビニール,10,人工物-その他,-
枕,マクラ,マクラ,10,人工物-その他,-
ペーパー,ペーパー,ペーパー,10,人工物-その他;抽象物,-
表紙,ヒョウシ,ヒョウシ,10,人工物-その他,-
ステージ,ステージ,ステージ,10,場所-施設,-
顧客,コキャク,コキャク,10,人,p
書簡,ショカン,ショカン,10,人工物-その他,-
ボーイ,ボーイ,ボーイ,10,人,e
容器,ヨウキ,ヨウキ,10,人工物-その他,-
顧問,コモン,コモン,10,人,-
パイプ,パイプ,パイプ,10,人工物-その他,-
漢,カン,カン,10,人,-
寝室,シンシツ,シンシツ,10,場所-施設,e
オレンジ,オレンジ,オレンジ,10,植物;人工物-食べ物,-
政党,セイトウ,セイトウ,10,組織・団体;場所-施設,-
学園,ガクエン,ガクエン,10,組織・団体;場所-施設,-
ロープ,ロープ,ロープ,10,人工物-その他,-
袖,ソデ,ソデ,10,人工物-衣類,-
夫妻,フサイ,フサイ,10,組織・団体,-
パンツ,パンツ,パンツ,8,人工物-衣類,-
藁,ワラ,ワラ,10,植物,-
パートナー,パートナー,パートナー,10,人,-
水面,スイメン,スイメン,10,場所-その他,-
画家,ガカ,ガカ,10,人,e
絵本,エホン,エホン,9,人工物-その他;抽象物,-
乗客,ジョウキャク,ジョウキャク,10,人,e
杖,ツエ,ツエ,10,人工物-その他,-
肝,キモ,キモ,10,動物-部位,-
太鼓,タイコ,タイコ,10,人工物-その他,-
塀,ヘイ,ヘイ,9,場所-施設部位,-
空中,クウチュウ,クウチュウ,10,場所-その他,-
釜,カマ,カマ,10,人工物-その他,-
一帯,イッタイ,イッタイ,10,場所-その他,-
母子,ボシ,ボシ,10,人,-
部落,ブラク,ブラク,9,場所-その他,-
愛人,アイジン,アイジン,9,人,-
盆,ボン,ボン,10,人工物-その他,-
軌道,キドウ,キドウ,10,場所-施設;抽象物,-
国々,クニグニ,クニグニ,10,場所-その他,-
国道,コクドウ,コクドウ,10,場所-施設,-
劇場,ゲキジョウ,ゲキジョウ,10,場所-施設,-
刃,ハ,ハ,10,人工物-その他,-
エリート,エリート,エリート,10,人,p
自国,ジコク,ジコク,10,場所-その他,-
ドレス,ドレス,ドレス,10,人工物-衣類,-
樹木,ジュモク,ジュモク,10,植物,-
幹,ミキ,ミキ,10,植物-部位,-
水分,スイブン,スイブン,10,自然物,-
蒸気,ジョウキ,ジョウキ,9,自然物,e
マス,マス,マス,10,動物,-
住人,ジュウニン,ジュウニン,10,人,-
原料,ゲンリョウ,ゲンリョウ,10,人工物-その他;自然物,-
源泉,ゲンセン,ゲンセン,10,場所-自然,p
一員,イチイン,イチイン,10,人,-
束,タバ,タバ,10,人工物-その他,-
何者,ナニモノ,ナニモノ,10,人,e
野郎,ヤロウ,ヤロウ,10,人,-
無線,ムセン,ムセン,10,人工物-その他,-
斜面,シャメン,シャメン,10,場所-その他,-
蝶,チョウ,チョウ,10,動物,-
ワールド,ワールド,ワールド,10,場所-その他,-
新人,シンジン,シンジン,10,人,e
女優,ジョユウ,ジョユウ,9,人,e
皇子,オウジ,オウジ,9,人,-
柵,シガラミ,シガラミ,10,人工物-その他,-
地主,ジヌシ,ジヌシ,10,人,-
酢,ス,ス,10,人工物-食べ物,-
アイス,アイス,アイス,10,人工物-食べ物,e
陸,リク,リク,10,場所-自然,-
ウイスキー,ウイスキー,ウイスキー,9,人工物-食べ物,-
天国,テンゴク,テンゴク,10,場所-その他,p
食物,ショクモツ,ショクモツ,10,人工物-食べ物,-
当人,トウニン,トウニン,10,人,-
泡,アワ,アワ,10,自然物;抽象物,e
コミュニティー,コミュニティー,コミュニティー,10,組織・団体;場所-その他,-
書記,ショキ,ショキ,10,人,-
雌,メス,メス,10,動物;植物,-
楽器,ガッキ,ガッキ,9,人工物-その他,-
院長,インチョウ,インチョウ,10,人,-
フロント,フロント,フロント,10,場所-施設;場所-機能,-
家屋,カオク,カオク,10,場所-施設,-
鉢,ハチ,ハチ,10,人工物-その他,-
所長,ショチョウ,ショチョウ,10,人,-
ファックス,ファックス,ファックス,10,人工物-その他,-
ロビー,ロビー,ロビー,10,場所-施設,-
名刺,メイシ,メイシ,10,人工物-その他,-
マウス,マウス,マウス,9,動物;動物-部位;人工物-その他,-
英雄,エイユウ,エイユウ,10,人,p
紫,ムラサキ,ムラサキ,10,色,-
熱帯,ネッタイ,ネッタイ,10,場所-その他,-
烏賊,イカ,イカ,10,動物;人工物-食べ物,-
翼,ツバサ,ツバサ,10,動物-部位,-
列島,レットウ,レットウ,10,場所-自然,-
近隣,キンリン,キンリン,10,場所-その他,-
蜘蛛,クモ,クモ,10,動物,e
物件,ブッケン,ブッケン,10,人工物-その他;場所-その他,-
ゴール,ゴール,ゴール,10,場所-その他,-
兵隊,ヘイタイ,ヘイタイ,10,人,-
天狗,テング,テング,8,人,-
灰色,ハイイロ,ハイイロ,10,色,e
下駄,ゲタ,ゲタ,10,人工物-衣類,-
マシン,マシン,マシン,10,人工物-その他,-
衛星,エイセイ,エイセイ,10,自然物,-
諸島,ショトウ,ショトウ,10,場所-自然,-
パーク,パーク,パーク,10,場所-施設,-
諸君,ショクン,ショクン,10,人,-
タレント,タレント,タレント,9,人,e
雛,ヒナ,ヒナ,10,動物,-
生地,キジ,キジ,9,人工物-その他,-
大工,ダイク,ダイク,10,人,-
レンジ,レンジ,レンジ,10,人工物-その他,-
盤,バン,バン,9,人工物-その他,-
従兄弟,イトコ,イトコ,10,人,-
麦,ムギ,ムギ,10,植物,-
器具,キグ,キグ,10,人工物-その他,-
ガイド,ガイド,ガイド,10,人;抽象物,e
カフェ,カフェ,カフェ,10,場所-施設,-
マニュアル,マニュアル,マニュアル,10,人工物-その他;抽象物,-
居間,イマ,イマ,10,場所-施設,-
ボス,ボス,ボス,10,人,-
トマト,トマト,トマト,10,植物;人工物-食べ物,-
全集,ゼンシュウ,ゼンシュウ,10,人工物-その他;抽象物,-
師匠,シショウ,シショウ,10,人,p
コンビニ,コンビニ,コンビニ,10,場所-施設,-
鯨,クジラ,クジラ,10,動物,-
関節,カンセツ,カンセツ,10,動物-部位,-
境内,ケイダイ,ケイダイ,10,場所-その他,-
沿岸,エンガン,エンガン,10,場所-自然,-
緑色,ミドリイロ,ミドリイロ,10,色,-
蟹,カニ,カニ,10,動物;人工物-食べ物,-
歌手,カシュ,カシュ,10,人,p
デスク,デスク,デスク,10,人工物-その他,-
牧師,ボクシ,ボクシ,10,人,-
マイク,マイク,マイク,10,人工物-その他,-
指先,ユビサキ,ユビサキ,7,動物-部位,-
衣類,イルイ,イルイ,10,人工物-衣類,-
物資,ブッシ,ブッシ,10,人工物-その他,e
俳優,ハイユウ,ハイユウ,10,人,p
君主,クンシュ,クンシュ,10,人,e
ラン,ラン,ラン,10,植物,-
ブレーキ,ブレーキ,ブレーキ,10,人工物-その他,-
オーナー,オーナー,オーナー,10,人,-
本土,ホンド,ホンド,10,場所-その他,-
祖先,ソセン,ソセン,9,人,p
堀,ホリ,ホリ,10,場所-施設,-
食卓,ショクタク,ショクタク,10,人工物-その他,e
小麦,コムギ,コムギ,10,植物,-
蛋白,タンパク,タンパク,10,自然物,-
ホルモン,ホルモン,ホルモン,9,自然物,-
領土,リョウド,リョウド,10,場所-その他,e
薪,タキギ,タキギ,10,植物,-
前面,ゼンメン,ゼンメン,10,場所-その他,-
飲料,インリョウ,インリョウ,10,人工物-食べ物,-
ぱちんこ,パチンコ,パチンコ,10,人工物-その他,-
上空,ジョウクウ,ジョウクウ,9,場所-その他,-
蝋燭,ロウソク,ロウソク,10,人工物-その他,-
長女,チョウジョ,チョウジョ,10,人,-
地中,チチュウ,チチュウ,10,場所-その他,-
別荘,ベッソウ,ベッソウ,10,場所-施設,-
鸚鵡,オウム,オウム,10,動物,-
ライバル,ライバル,ライバル,10,人,-
問屋,トンヤ,トンヤ,10,場所-施設,-
将校,ショウコウ,ショウコウ,10,人,-
手首,テクビ,テクビ,9,動物-部位,-
神々,カミガミ,カミガミ,10,人,-
一覧,イチラン,イチラン,10,人工物-その他;抽象物,-
乳房,チブサ,チブサ,9,動物-部位,e
戦車,センシャ,センシャ,10,人工物-乗り物,-
僧侶,ソウリョ,ソウリョ,9,人,e
頂点,チョウテン,チョウテン,10,場所-その他,-
蝉,セミ,セミ,10,動物,-
庭園,テイエン,テイエン,10,場所-施設,-
花火,ハナビ,ハナビ,10,人工物-その他,-
釘,クギ,クギ,10,人工物-その他,-
専務,センム,センム,10,人,-
包丁,ホウチョウ,ホウチョウ,10,人工物-その他,-
病室,ビョウシツ,ビョウシツ,9,場所-施設,e
人参,ニンジン,ニンジン,10,植物;人工物-食べ物,-
肺,ハイ,ハイ,10,動物-部位,-
親指,オヤユビ,オヤユビ,9,動物-部位,-
大王,ダイオウ,ダイオウ,9,人,-
紅,ベニ,ベニ,10,色,-
宝石,ホウセキ,ホウセキ,9,自然物,p
羽目,ハメ,ハメ,10,場所-施設部位,-
産物,サンブツ,サンブツ,10,人工物-その他,-
海水,カイスイ,カイスイ,10,自然物,e
学院,ガクイン,ガクイン,10,組織・団体;場所-施設,-
モニター,モニター,モニター,10,人;人工物-その他,-
蟻,アリ,アリ,10,動物,-
ケーブル,ケーブル,ケーブル,10,人工物-その他,-
見出し,ミダシ,ミダシ,10,人工物-その他,-
産地,サンチ,サンチ,10,場所-その他,-
墨,スミ,スミ,10,人工物-その他,e
証人,ショウニン,ショウニン,10,人,e
大家,オオヤ,オオヤ,10,人,p
シティー,シティー,シティー,10,場所-その他,-
陸上,リクジョウ,リクジョウ,10,場所-その他,-
同志,ドウシ,ドウシ,9,人,-
ベテラン,ベテラン,ベテラン,10,人,p
蛸,タコ,タコ,10,動物;人工物-食べ物,-
使者,シシャ,シシャ,10,人,-
サークル,サークル,サークル,10,組織・団体,-
検事,ケンジ,ケンジ,9,人,-
番頭,バントウ,バントウ,8,人,-
芽,メ,メ,10,植物-部位,p
検察,ケンサツ,ケンサツ,10,組織・団体;抽象物,-
殻,カラ,カラ,10,動物-部位;植物-部位;抽象物,e
花粉,カフン,カフン,8,自然物,e
女神,メガミ,メガミ,10,人,e
史料,シリョウ,シリョウ,10,人工物-その他,-
ベランダ,ベランダ,ベランダ,9,場所-施設部位,-
団地,ダンチ,ダンチ,10,場所-施設,-
平野,ヘイヤ,ヘイヤ,10,場所-自然,-
グランド,グランド,グランド,10,場所-施設,-
液体,エキタイ,エキタイ,10,自然物,-
後輩,コウハイ,コウハイ,10,人,-
アルバム,アルバム,アルバム,10,人工物-その他,-
穀物,コクモツ,コクモツ,10,植物,-
子宮,シキュウ,シキュウ,8,動物-部位,-
土台,ドダイ,ドダイ,10,人工物-その他;抽象物,-
仮面,カメン,カメン,9,人工物-その他,-
肘,ヒジ,ヒジ,9,動物-部位,-
神宮,ジングウ,ジングウ,10,場所-施設,-
漁師,リョウシ,リョウシ,10,人,-
甲板,カンパン,カンパン,9,場所-施設部位,-
パネル,パネル,パネル,10,人工物-その他,-
蛙,カエル,カエル,10,動物,e
ラベル,ラベル,ラベル,10,人工物-その他,-
ブック,ブック,ブック,10,人工物-その他,-
隊長,タイチョウ,タイチョウ,9,人,-
碑,ヒ,ヒ,9,自然物,-
綱,ツナ,ツナ,10,人工物-その他,-
銅,ドウ,ドウ,10,自然物,-
総裁,ソウサイ,ソウサイ,10,人,-
滴,シズク,シズク,9,自然物,e
参謀,サンボウ,サンボウ,10,人,-
ゲート,ゲート,ゲート,10,場所-施設部位,-
路上,ロジョウ,ロジョウ,10,場所-その他,-
女将,オカミ,オカミ,9,人,-
警部,ケイブ,ケイブ,7,人,-
埃,ホコリ,ホコリ,10,自然物,e
宮殿,キュウデン,キュウデン,9,場所-施設,-
沼,ヌマ,ヌマ,10,場所-自然,-
塚,ツカ,ツカ,9,場所-その他,-
頭脳,ズノウ,ズノウ,10,動物-部位,p
宮廷,キュウテイ,キュウテイ,9,場所-施設,-
供,トモ,トモ,10,人;抽象物,-
連盟,レンメイ,レンメイ,10,組織・団体,-
左翼,サヨク,サヨク,10,動物-部位;人工物-その他;抽象物,-
瞼,マブタ,マブタ,9,動物-部位,-
書籍,ショセキ,ショセキ,10,人工物-その他,-
国産,コクサン,コクサン,10,人工物-その他;抽象物,-
尻尾,シッポ,シッポ,10,動物-部位,-
親王,シンノウ,シンノウ,7,人,-
亭主,テイシュ,テイシュ,10,人,-
リーグ,リーグ,リーグ,9,組織・団体,-
皇后,コウゴウ,コウゴウ,10,人,-
襟,エリ,エリ,10,人工物-その他,-
プラスチック,プラスチック,プラスチック,10,人工物-その他,-
小児,ショウニ,ショウニ,9,人,-
ハンドル,ハンドル,ハンドル,9,人工物-その他,-
茄子,ナス,ナス,10,植物;人工物-食べ物,-
美女,ビジョ,ビジョ,9,人,p
教材,キョウザイ,キョウザイ,10,人工物-その他,-
ディスク,ディスク,ディスク,10,人工物-その他,-
タンク,タンク,タンク,10,人工物-その他,-
蘭,ラン,ラン,10,植物,e
被告,ヒコク,ヒコク,10,人,-
審判,シンパン,シンパン,10,人;抽象物,-
木々,キギ,キギ,10,植物,-
農地,ノウチ,ノウチ,10,場所-その他,-
士官,シカン,シカン,10,人,-
土壌,ドジョウ,ドジョウ,10,自然物,-
天使,テンシ,テンシ,9,人,p
自家,ジカ,ジカ,10,場所-施設,-
団子,ダンゴ,ダンゴ,9,人工物-食べ物,-
障子,ショウジ,ショウジ,10,場所-施設部位,-
公衆,コウシュウ,コウシュウ,10,人,-
獅子,シシ,シシ,10,動物,-
若手,ワカテ,ワカテ,10,人,-
桐,キリ,キリ,9,植物,-
胡麻,ゴマ,ゴマ,9,植物;人工物-食べ物,-
ライオン,ライオン,ライオン,10,動物,-
歩道,ホドウ,ホドウ,10,場所-施設部位,-
蜜柑,ミカン,ミカン,10,植物;人工物-食べ物,-
大佐,タイサ,タイサ,10,人,-
個室,コシツ,コシツ,10,場所-施設,e
柳,ヤナギ,ヤナギ,10,植物,-
鋏,ハサミ,ハサミ,10,人工物-その他,-
彫刻,チョウコク,チョウコク,10,人工物-その他;抽象物,-
背筋,セスジ,セスジ,10,動物-部位,-
石炭,セキタン,セキタン,10,自然物,-
箪笥,タンス,タンス,10,人工物-その他,-
岬,ミサキ,ミサキ,10,場所-自然,-
腸,チョウ,チョウ,10,動物-部位,-
路地,ロジ,ロジ,10,場所-その他,-
都心,トシン,トシン,10,場所-その他,-
弓,ユミ,ユミ,9,人工物-その他,-
名簿,メイボ,メイボ,10,人工物-その他,-
戦艦,センカン,センカン,10,人工物-乗り物,-
ヘア,ヘア,ヘア,10,動物-部位,-
根元,ネモト,ネモト,10,植物-部位,-
ドクター,ドクター,ドクター,9,人,-
ファミリー,ファミリー,ファミリー,10,組織・団体,-
ベビー,ベビー,ベビー,10,人,-
判,ハン,ハン,10,人工物-その他,-
馬車,バシャ,バシャ,10,人工物-乗り物,-
チョコレート,チョコレート,チョコレート,10,人工物-食べ物,-
官庁,カンチョウ,カンチョウ,10,組織・団体;場所-施設,-
ボード,ボード,ボード,10,人工物-その他,-
浄土,ジョウド,ジョウド,9,場所-その他,p
ユー,ユー,ユー,10,人,-
崖,ガケ,ガケ,10,場所-自然,-
電池,デンチ,デンチ,10,人工物-その他,-
鞭,ムチ,ムチ,9,人工物-その他,-
冠,カンムリ,カンムリ,10,人工物-その他,-
市長,シチョウ,シチョウ,10,人,-
皇太子,コウタイシ,コウタイシ,10,人,-
兄貴,アニキ,アニキ,8,人,-
ピラミッド,ピラミッド,ピラミッド,10,場所-施設,-
頭上,ズジョウ,ズジョウ,10,場所-その他,-
役場,ヤクバ,ヤクバ,10,組織・団体;場所-施設,-
牧場,ボクジョウ,ボクジョウ,9,場所-その他,-
回路,カイロ,カイロ,10,人工物-その他,-
高原,コウゲン,コウゲン,10,場所-自然,-
武将,ブショウ,ブショウ,8,人,-
電源,デンゲン,デンゲン,10,人工物-その他,-
水中,スイチュウ,スイチュウ,10,場所-その他,-
隣人,リンジン,リンジン,10,人,-
空母,クウボ,クウボ,9,人工物-乗り物,-
ジャケット,ジャケット,ジャケット,9,人工物-衣類,-
股,マタ,マタ,10,動物-部位,e
鉱山,コウザン,コウザン,10,場所-自然,-
教団,キョウダン,キョウダン,9,組織・団体,-
フィールド,フィールド,フィールド,10,場所-その他,-
支部,シブ,シブ,10,場所-施設,-
大豆,ダイズ,ダイズ,9,植物;人工物-食べ物,-
村人,ムラビト,ムラビト,9,人,-
鎖,クサリ,クサリ,10,人工物-その他,-
脳裏,ノウリ,ノウリ,10,場所-その他,-
川原,カワラ,カワラ,10,場所-自然,-
戸口,トグチ,トグチ,9,場所-施設部位,-
ジャーナリスト,ジャーナリスト,ジャーナリスト,10,人,-
竿,サオ,サオ,9,人工物-その他,-
カメラマン,カメラマン,カメラマン,10,人,e
稲,イネ,イネ,10,植物,-
栗,クリ,クリ,10,植物;人工物-食べ物,-
パスポート,パスポート,パスポート,10,人工物-その他,-
マスク,マスク,マスク,10,人工物-衣類,-
膜,マク,マク,9,動物-部位;植物-部位,-
騎士,キシ,キシ,10,人,-
プリント,プリント,プリント,10,人工物-その他;抽象物,-
タウン,タウン,タウン,10,場所-その他,-
師範,シハン,シハン,10,人,-
領主,リョウシュ,リョウシュ,9,人,-
作物,サクモツ,サクモツ,10,植物,-
パンフレット,パンフレット,パンフレット,9,人工物-その他;抽象物,e
口元,クチモト,クチモト,10,動物-部位,-
天地,テンチ,テンチ,10,場所-自然;場所-その他;抽象物,-
タイヤ,タイヤ,タイヤ,9,人工物-その他,-
物品,ブッピン,ブッピン,10,人工物-その他,-
右翼,ウヨク,ウヨク,9,動物-部位;人工物-その他;抽象物,-
船長,センチョウ,センチョウ,9,人,-
議長,ギチョウ,ギチョウ,10,人,-
上人,ショウニン,ショウニン,9,人,-
リビング,リビング,リビング,10,場所-施設,-
岳,タケ,タケ,9,場所-自然,-
玉葱,タマネギ,タマネギ,10,植物;人工物-食べ物,-
長老,チョウロウ,チョウロウ,10,人,-
弦,ゲン,ゲン,10,人工物-その他,-
踵,カカト,カカト,10,動物-部位,e
拳銃,ケンジュウ,ケンジュウ,9,人工物-その他,-
長屋,ナガヤ,ナガヤ,10,場所-施設,-
チケット,チケット,チケット,10,人工物-その他,e
ビタミン,ビタミン,ビタミン,9,自然物,-
フォルダー,フォルダー,フォルダー,7,人工物-その他,-
マーケット,マーケット,マーケット,10,場所-その他,-
校舎,コウシャ,コウシャ,10,場所-施設,-
本国,ホンゴク,ホンゴク,10,場所-その他,-
獲物,エモノ,エモノ,10,動物,-
椀,ワン,ワン,8,人工物-その他,-
荷,ニ,ニ,10,人工物-その他,-
サンプル,サンプル,サンプル,10,人工物-その他,-
皇室,コウシツ,コウシツ,10,組織・団体,-
狸,タヌキ,タヌキ,10,動物,-
装備,ソウビ,ソウビ,9,人工物-その他,e
煉瓦,レンガ,レンガ,10,人工物-その他,-
神父,シンプ,シンプ,7,人,-
大物,オオモノ,オオモノ,10,人;抽象物,p
金庫,キンコ,キンコ,9,人工物-その他,-
蔓,ツル,ツル,10,植物-部位,-
リゾート,リゾート,リゾート,10,場所-その他,p
山頂,サンチョウ,サンチョウ,10,場所-自然,-
河川,カセン,カセン,10,場所-自然,-
ヘッド,ヘッド,ヘッド,10,動物-部位;人工物-その他,-
御所,ゴショ,ゴショ,10,場所-施設,-
ロボット,ロボット,ロボット,10,人工物-その他,-
ジーンズ,ジーンズ,ジーンズ,10,人工物-その他,-
会館,カイカン,カイカン,10,場所-施設,-
自社,ジシャ,ジシャ,10,組織・団体,-
泉,イズミ,イズミ,9,場所-自然,-
鹿,シカ,シカ,10,動物,-
郷,ゴウ,ゴウ,10,場所-その他,-
祖国,ソコク,ソコク,10,場所-その他,-
近郊,キンコウ,キンコウ,10,場所-その他,-
法廷,ホウテイ,ホウテイ,10,場所-施設,-
法師,ホウシ,ホウシ,8,人,-
水槽,スイソウ,スイソウ,9,人工物-その他,-
甥,オイ,オイ,10,人,-
梁,ハル,ハル,9,場所-施設部位,-
クライアント,クライアント,クライアント,10,人,-
珊瑚,サンゴ,サンゴ,10,動物,-
浦,ウラ,ウラ,10,場所-自然,-
芸者,ゲイシャ,ゲイシャ,10,人,-
糊,ノリ,ノリ,10,人工物-その他,e
線路,センロ,センロ,10,場所-施設,-
滓,カス,カス,10,人工物-その他,-
帝王,テイオウ,テイオウ,10,人,-
藩主,ハンシュ,ハンシュ,10,人,-
両足,リョウアシ,リョウアシ,10,動物-部位,-
首脳,シュノウ,シュノウ,10,人,-
海苔,ノリ,ノリ,10,植物;人工物-食べ物,-
膳,ゼン,ゼン,9,人工物-その他,-
フロア,フロア,フロア,10,場所-施設部位,-
司会,シカイ,シカイ,9,人;抽象物,-
スタジオ,スタジオ,スタジオ,10,場所-施設,-
ハート,ハート,ハート,10,動物-部位;色,-
商社,ショウシャ,ショウシャ,10,組織・団体;場所-施設,-
引き金,ヒキガネ,ヒキガネ,10,人工物-その他,-
軍艦,グンカン,グンカン,9,人工物-乗り物,-
旅人,タビビト,タビビト,10,人,-
ポスター,ポスター,ポスター,10,人工物-その他,-
コーチ,コーチ,コーチ,10,人,e
ターゲット,ターゲット,ターゲット,10,人工物-その他,-
デッキ,デッキ,デッキ,7,人工物-その他;場所-その他,-
技師,ギシ,ギシ,10,人,-
ルー,ルー,ルー,10,人工物-食べ物,-
薬物,ヤクブツ,ヤクブツ,10,人工物-その他,-
蛍,ホタル,ホタル,8,動物,-
下町,シタマチ,シタマチ,10,場所-その他,-
山脈,サンミャク,サンミャク,10,場所-自然,-
住職,ジュウショク,ジュウショク,8,人,-
茶屋,チャヤ,チャヤ,9,組織・団体,-
リボン,リボン,リボン,10,人工物-その他,-
経路,ケイロ,ケイロ,10,場所-その他,-
肥料,ヒリョウ,ヒリョウ,10,人工物-その他,e
目玉,メダマ,メダマ,9,動物-部位,-
丘陵,キュウリョウ,キュウリョウ,10,場所-自然,-
幹事,カンジ,カンジ,10,人,-
山道,ヤマミチ,ヤマミチ,10,場所-自然,-
麓,フモト,フモト,9,場所-自然,-
足跡,アシアト,アシアト,10,人工物-その他,e
茸,キノコ,キノコ,10,植物;人工物-食べ物,-
目前,モクゼン,モクゼン,10,場所-その他;時間,-
翁,オキナ,オキナ,10,人,e
鷹,タカ,タカ,10,動物,-
両面,リョウメン,リョウメン,10,場所-その他,-
自作,ジサク,ジサク,10,人工物-その他,-
貨物,カモツ,カモツ,10,人工物-その他,-
洞窟,ドウクツ,ドウクツ,9,場所-自然,-
巡査,ジュンサ,ジュンサ,10,人,-
幽霊,ユウレイ,ユウレイ,8,人,e
名人,メイジン,メイジン,10,人,p
ビーチ,ビーチ,ビーチ,10,場所-自然,-
鰻,ウナギ,ウナギ,10,動物;人工物-食べ物,-
本屋,ホンヤ,ホンヤ,10,場所-施設,-
成年,セイネン,セイネン,10,人;抽象物,-
鮭,サケ,サケ,10,動物;人工物-食べ物,-
毛布,モウフ,モウフ,10,人工物-その他,-
刺し身,サシミ,サシミ,10,人工物-食べ物,-
鴨,カモ,カモ,10,動物;人工物-食べ物,-
金魚,キンギョ,キンギョ,9,動物,-
区画,クカク,クカク,10,場所-その他,-
絨毯,ジュウタン,ジュウタン,9,人工物-その他,-
海賊,カイゾク,カイゾク,10,人,?p?n
便所,ベンジョ,ベンジョ,10,場所-施設,e
旗本,ハタモト,ハタモト,9,人,-
親方,オヤカタ,オヤカタ,10,人,-
婿,ムコ,ムコ,10,人,-
人体,ジンタイ,ジンタイ,10,動物,-
年配,ネンパイ,ネンパイ,9,人,-
家来,ケライ,ケライ,8,人,-
木材,モクザイ,モクザイ,10,人工物-その他,-
尿,ニョウ,ニョウ,10,自然物,e
父子,フシ,フシ,8,組織・団体,-
金色,キンイロ,キンイロ,9,色,-
シャッター,シャッター,シャッター,9,人工物-その他,-
カタログ,カタログ,カタログ,10,人工物-その他;抽象物,-
名所,メイショ,メイショ,10,場所-その他,p
立地,リッチ,リッチ,9,場所-その他,-
ワゴン,ワゴン,ワゴン,9,人工物-乗り物,-
アンテナ,アンテナ,アンテナ,10,人工物-その他,-
郷土,キョウド,キョウド,10,場所-その他,-
古里,フルサト,フルサト,10,場所-その他,-
中庭,ナカニワ,ナカニワ,9,場所-施設,-
山中,サンチュウ,サンチュウ,10,場所-その他,-
義母,ギボ,ギボ,8,人,-
人質,ヒトジチ,ヒトジチ,10,人,-
家畜,カチク,カチク,10,動物,-
宙,チュウ,チュウ,10,場所-その他,-
本家,ホンケ,ホンケ,10,場所-施設,-
脂,アブラ,アブラ,10,人工物-食べ物,-
戦士,センシ,センシ,10,人,e
寝台,シンダイ,シンダイ,10,人工物-その他,-
琴,コト,コト,7,人工物-その他,-
給食,キュウショク,キュウショク,9,人工物-食べ物,-
巫女,フジョ,フジョ,10,人,-
居酒屋,イザカヤ,イザカヤ,10,場所-施設,-
火山,カザン,カザン,10,場所-自然,-
デザイナー,デザイナー,デザイナー,10,人,e
黴,カビ,カビ,9,植物,-
農薬,ノウヤク,ノウヤク,9,人工物-その他,-
祖父母,ソフボ,ソフボ,10,人,-
民家,ミンカ,ミンカ,10,場所-施設,-
異国,イコク,イコク,10,場所-その他,-
水田,スイデン,スイデン,9,場所-その他,-
薬品,ヤクヒン,ヤクヒン,10,人工物-その他,-
小僧,コゾウ,コゾウ,8,人,-
駐在,チュウザイ,チュウザイ,10,人;抽象物,-
果実,カジツ,カジツ,10,植物-部位,-
伯爵,ハクシャク,ハクシャク,9,人,-
海面,カイメン,カイメン,10,場所-その他,-
病棟,ビョウトウ,ビョウトウ,8,場所-施設,-
笛,フエ,フエ,9,人工物-その他,-
太刀,タチ,タチ,7,人工物-その他,-
家臣,カシン,カシン,7,人,-
名物,メイブツ,メイブツ,10,人工物-その他,p
白髪,シラガ,シラガ,9,動物-部位,-
鈴,スズ,スズ,10,人工物-その他,-
同人,ドウニン,ドウニン,10,組織・団体,-
岸,キシ,キシ,9,場所-自然,-
町人,チョウニン,チョウニン,9,人,-
襖,フスマ,フスマ,10,場所-施設部位,-
妃,ヒ,ヒ,8,人,-
内臓,ナイゾウ,ナイゾウ,9,動物-部位,-
捕虜,ホリョ,ホリョ,10,人,-
運河,ウンガ,ウンガ,10,場所-施設,-
草原,ソウゲン,ソウゲン,10,場所-自然,-
大気,タイキ,タイキ,10,自然物,-
ドーム,ドーム,ドーム,10,場所-施設;形・模様,-
袴,ハカマ,ハカマ,10,人工物-衣類,e
扇,オウギ,オウギ,10,人工物-その他,-
店頭,テントウ,テントウ,10,場所-その他,-
部族,ブゾク,ブゾク,10,組織・団体,-
司祭,シサイ,シサイ,10,人,-
道端,ミチバタ,ミチバタ,10,場所-その他,-
書斎,ショサイ,ショサイ,9,場所-施設,-
外人,ガイジン,ガイジン,10,人,-
海峡,カイキョウ,カイキョウ,10,場所-自然,-
唾,ツバ,ツバ,9,自然物,e
店長,テンチョウ,テンチョウ,10,人,-
笊,ザル,ザル,10,人工物-その他,-
冊子,サッシ,サッシ,10,人工物-その他;抽象物,-
鳩,ハト,ハト,9,動物,-
県民,ケンミン,ケンミン,9,人,-
ペア,ペア,ペア,10,組織・団体,-
対岸,タイガン,タイガン,10,場所-自然,-
人前,ヒトマエ,ヒトマエ,10,場所-その他,-
微塵,ミジン,ミジン,10,自然物;抽象物,-
山岳,サンガク,サンガク,10,場所-自然,-
痕跡,コンセキ,コンセキ,10,人工物-その他,e
坂道,サカミチ,サカミチ,10,場所-その他,-
スナック,スナック,スナック,9,場所-施設,-
土手,ドテ,ドテ,9,場所-自然,-
カセット,カセット,カセット,10,人工物-その他,-
人手,ヒトデ,ヒトデ,9,人,p
一味,イチミ,イチミ,10,組織・団体,-
大尉,タイイ,タイイ,10,人,-
ステーション,ステーション,ステーション,10,場所-施設,-
桶,オケ,オケ,9,人工物-その他,-
芸人,ゲイニン,ゲイニン,10,人,-
パイロット,パイロット,パイロット,10,人,e
納豆,ナットウ,ナットウ,10,人工物-食べ物,-
鯛,タイ,タイ,10,動物;人工物-食べ物,e
谷間,タニマ,タニマ,9,場所-自然,-
粥,カユ,カユ,9,人工物-食べ物,-
昆布,コンブ,コンブ,9,植物;人工物-食べ物,-
段落,ダンラク,ダンラク,10,場所-その他,-
筒,ツツ,ツツ,10,人工物-その他,-
総督,ソウトク,ソウトク,10,人,-
上層,ジョウソウ,ジョウソウ,10,場所-その他,-
香水,コウスイ,コウスイ,10,人工物-その他,-
聖人,セイジン,セイジン,9,人,e
姪,メイ,メイ,9,人,-
芝生,シバフ,シバフ,9,植物,-
魔女,マジョ,マジョ,8,人,e
医院,イイン,イイン,8,場所-施設,-
内陸,ナイリク,ナイリク,10,場所-その他,-
鯉,コイ,コイ,10,動物,-
ツリー,ツリー,ツリー,9,植物,-
中将,チュウジョウ,チュウジョウ,8,人,-
公団,コウダン,コウダン,10,組織・団体;場所-施設,-
川岸,カワギシ,カワギシ,9,場所-自然,-
臍,ヘソ,ヘソ,9,動物-部位,-
瓦,カワラ,カワラ,9,人工物-その他,-
親分,オヤブン,オヤブン,10,人,-
全土,ゼンド,ゼンド,10,場所-その他,-
改札,カイサツ,カイサツ,9,場所-施設部位,-
西瓜,スイカ,スイカ,9,植物;人工物-食べ物,-
車体,シャタイ,シャタイ,10,人工物-その他,-
洗剤,センザイ,センザイ,9,人工物-その他,-
爪先,ツマサキ,ツマサキ,10,動物-部位,-
公家,クゲ,クゲ,8,人,-
東方,トウホウ,トウホウ,10,場所-その他,-
首長,シュチョウ,シュチョウ,10,人,-
少佐,ショウサ,ショウサ,8,人,-
苺,イチゴ,イチゴ,9,植物;人工物-食べ物,-
飼い主,カイヌシ,カイヌシ,9,人,-
使節,シセツ,シセツ,10,人,-
キーボード,キーボード,キーボード,9,人工物-その他,-
紫色,ムラサキイロ,ムラサキイロ,10,色,-
炉,ロ,ロ,10,人工物-その他,-
オリーブ,オリーブ,オリーブ,10,植物;人工物-食べ物,-
郷里,キョウリ,キョウリ,10,場所-その他,-
淵,フチ,フチ,10,場所-自然,e
沢,サワ,サワ,10,場所-自然,-
胎児,タイジ,タイジ,9,人,-
インク,インク,インク,10,人工物-その他,-
檜,ヒノキ,ヒノキ,10,植物,-
小道,コミチ,コミチ,10,場所-その他,-
粒子,リュウシ,リュウシ,10,自然物,-
母乳,ボニュウ,ボニュウ,8,自然物,-
途,ト,ト,10,場所-施設,-
下流,カリュウ,カリュウ,10,場所-その他,-
井,イ,イ,10,場所-自然,-
葱,ネギ,ネギ,9,植物;人工物-食べ物,-
缶詰め,カンヅメ,カンヅメ,10,人工物-食べ物,-
御袋,オフクロ,オフクロ,8,人,-
猪,イノシシ,イノシシ,8,動物,-
仇,アダ,アダ,10,人,-
革,カワ,カワ,9,人工物-その他,e
担い手,ニナイテ,ニナイテ,9,人,e
銘柄,メイガラ,メイガラ,10,人工物-その他,-
車輪,シャリン,シャリン,10,人工物-その他,-
独楽,コマ,コマ,10,人工物-その他,-
家人,ケニン,ケニン,10,人,-
教官,キョウカン,キョウカン,10,人,e
ディスプレー,ディスプレー,ディスプレー,10,人工物-その他;抽象物,-
レッド,レッド,レッド,10,色,-
公爵,コウシャク,コウシャク,7,人,-
炭,スミ,スミ,10,自然物,-
別人,ベツジン,ベツジン,10,人,-
広間,ヒロマ,ヒロマ,8,場所-施設,-
図面,ズメン,ズメン,10,人工物-その他,-
血管,ケッカン,ケッカン,10,動物-部位,-
双子,フタゴ,フタゴ,9,人,-
神仏,シンブツ,シンブツ,10,人,-
大師,ダイシ,ダイシ,9,人,-
船舶,センパク,センパク,9,人工物-乗り物,-
グッズ,グッズ,グッズ,9,人工物-その他,e
櫛,クシ,クシ,10,人工物-その他,-
本堂,ホンドウ,ホンドウ,9,場所-施設,-
楓,カエデ,カエデ,8,植物,-
大木,タイボク,タイボク,10,植物,-
山間,サンカン,サンカン,10,場所-自然,-
蒟蒻,コンニャク,コンニャク,9,植物;人工物-食べ物,-
藩士,ハンシ,ハンシ,10,人,-
ストリート,ストリート,ストリート,10,場所-施設,-
内海,ナイカイ,ナイカイ,10,場所-自然,-
楼,ロウ,ロウ,10,場所-施設,-
街路,ガイロ,ガイロ,10,場所-その他,-
本拠,ホンキョ,ホンキョ,10,場所-その他,-
書院,ショイン,ショイン,10,場所-施設,-
バショウ,バショウ,バショウ,9,植物,-
他人事,ヒトゴト,ヒトゴト,10,人,-
牡丹,ボタン,ボタン,9,植物,-
胡椒,コショウ,コショウ,9,植物;人工物-食べ物,-
鮪,マグロ,マグロ,10,動物;人工物-食べ物,-
軍団,グンダン,グンダン,10,組織・団体,-
漁船,ギョセン,ギョセン,10,人工物-乗り物,-
顔面,ズケイ,ズケイ,10,場所-その他,-
バナナ,バナナ,バナナ,10,植物;人工物-食べ物,-
駒,コマ,コマ,10,人工物-その他,-
パッケージ,パッケージ,パッケージ,10,人工物-その他;抽象物,-
蓮華,レンゲ,レンゲ,7,植物,-
プレート,プレート,プレート,10,人工物-その他,-
大蒜,ニンニク,ニンニク,9,植物;人工物-食べ物,-
妻子,サイシ,サイシ,9,組織・団体,-
代物,シロモノ,シロモノ,10,人;人工物-その他,-
コンビ,コンビ,コンビ,10,組織・団体,-
トランク,トランク,トランク,10,人工物-その他,-
神殿,シンデン,シンデン,9,場所-施設,-
おっぱい,オッパイ,オッパイ,7,動物-部位,e
カルシウム,カルシウム,カルシウム,10,自然物,-
田園,デンエン,デンエン,10,場所-その他,-
尼,アマ,アマ,8,人,-
手本,テホン,テホン,10,人工物-その他;抽象物,-
土間,ドマ,ドマ,9,場所-施設部位,-
頭部,トウブ,トウブ,10,動物-部位,-
花嫁,ハナヨメ,ハナヨメ,8,人,-
野原,ノハラ,ノハラ,10,場所-自然,-
紙面,シメン,シメン,10,場所-その他,-
親類,シンルイ,シンルイ,10,人,-
宮中,キュウチュウ,キュウチュウ,8,場所-その他,-
欠片,カケラ,カケラ,10,人工物-その他,-
精子,セイシ,セイシ,10,動物-部位,e
次官,ジカン,ジカン,10,人,-
胡瓜,キュウリ,キュウリ,9,植物;人工物-食べ物,-
行き先,イキサキ,イキサキ,9,場所-その他,-
レモン,レモン,レモン,10,植物;人工物-食べ物,-
平面,ヘイメン,ヘイメン,10,場所-その他,-
焼酎,ショウチュウ,ショウチュウ,9,人工物-食べ物,-
エアコン,エアコン,エアコン,8,人工物-その他,-
宿舎,シュクシャ,シュクシャ,10,場所-施設,-
足首,アシクビ,アシクビ,9,動物-部位,-
シール,シール,シール,10,人工物-その他,-
芝,シバ,シバ,10,植物,-
政界,セイカイ,セイカイ,9,場所-その他,-
レール,レール,レール,10,場所-施設,-
海底,カイテイ,カイテイ,10,場所-自然,-
ジャングル,ジャングル,ジャングル,10,場所-自然,-
標識,ヒョウシキ,ヒョウシキ,10,人工物-その他,-
櫓,ヤグラ,ヤグラ,9,場所-施設,-
惑星,ワクセイ,ワクセイ,10,自然物,-
肝臓,カンゾウ,カンゾウ,10,動物-部位,-
骨格,コッカク,コッカク,10,動物-部位;抽象物,-
北西,ホクセイ,ホクセイ,9,場所-その他,-
各社,カクシャ,カクシャ,10,組織・団体,-
ビワ,ビワ,ビワ,10,植物;人工物-食べ物,-
連隊,レンタイ,レンタイ,10,組織・団体,-
梨,ナシ,ナシ,10,植物;人工物-食べ物,-
クーラー,クーラー,クーラー,10,人工物-その他,-
フィルター,フィルター,フィルター,10,人工物-その他,-
レーザー,レーザー,レーザー,8,人工物-その他,-
提灯,チョウチン,チョウチン,8,人工物-その他,-
海洋,カイヨウ,カイヨウ,10,場所-その他,-
家電,カデン,カデン,9,人工物-その他,-
堤防,テイボウ,テイボウ,10,場所-施設,-
外界,ガイカイ,ガイカイ,10,場所-その他,-
柿,カキ,カキ,10,植物,-
屏風,ビョウブ,ビョウブ,8,人工物-その他,-
炭素,タンソ,タンソ,10,自然物,-
液晶,エキショウ,エキショウ,8,人工物-その他,-
達磨,ダルマ,ダルマ,10,人工物-その他,-
来客,ライキャク,ライキャク,10,人,-
実物,ジツブツ,ジツブツ,10,人工物-その他,-
軍部,グンブ,グンブ,10,組織・団体,-
極楽,ゴクラク,ゴクラク,10,場所-その他,-
ベンチャー,ベンチャー,ベンチャー,10,組織・団体,e
キャベツ,キャベツ,キャベツ,10,植物;人工物-食べ物,-
褒美,ホウビ,ホウビ,10,人工物-その他;抽象物,-
藤,フジ,フジ,9,植物,-
御握り,オニギリ,オニギリ,10,人工物-食べ物,-
花弁,ハナビラ,ハナビラ,9,植物-部位,e
原発,ゲンパツ,ゲンパツ,9,場所-施設,e
ベイ,ベイ,ベイ,10,場所-自然,-
山地,サンチ,サンチ,10,場所-その他,e
全域,ゼンイキ,ゼンイキ,10,場所-その他,-
生体,セイタイ,セイタイ,10,動物,-
アーチスト,アーチスト,アーチスト,9,人,e
ゾーン,ゾーン,ゾーン,10,場所-その他,-
一室,イッシツ,イッシツ,10,場所-施設,-
公民,コウミン,コウミン,10,人,-
椰子,ヤシ,ヤシ,10,植物;人工物-食べ物,-
塵箱,ゴミバコ,ゴミバコ,10,人工物-その他,-
蠅,ハエ,ハエ,10,動物,-
ディーラー,ディーラー,ディーラー,9,人,-
彼氏,カレシ,カレシ,8,人,-
鍬,クワ,クワ,10,人工物-その他,-
和尚,オショウ,オショウ,9,人,-
劇団,ゲキダン,ゲキダン,9,組織・団体,-
樫,カシ,カシ,9,植物,-
ピストル,ピストル,ピストル,10,人工物-その他,-
茎,クキ,クキ,9,植物-部位,-
ミネラル,ミネラル,ミネラル,9,自然物,p
雀,スズメ,スズメ,9,動物,-
付け根,ツケネ,ツケネ,9,場所-その他,-
投手,トウシュ,トウシュ,9,人,-
パイ,パイ,パイ,9,人工物-食べ物;数量,-
大橋,オオハシ,オオハシ,9,場所-施設,-
盆地,ボンチ,ボンチ,9,場所-自然,-
杭,クイ,クイ,9,人工物-その他,-
電球,デンキュウ,デンキュウ,9,人工物-その他,-
天子,テンシ,テンシ,9,人,-
宮内,クナイ,クナイ,10,場所-その他,-
軍国,グンコク,グンコク,10,組織・団体,-
同胞,ドウホウ,ドウホウ,10,人,-
蜻蛉,トンボ,トンボ,9,動物,-
眼前,ガンゼン,ガンゼン,9,場所-その他,-
歩兵,フヒョウ,フヒョウ,10,人,-
シーツ,シーツ,シーツ,9,人工物-その他,-
種子,シュシ,シュシ,10,人工物-その他,e
地蔵,ジゾウ,ジゾウ,8,人,-
中尉,チュウイ,チュウイ,8,人,-
聴衆,チョウシュウ,チョウシュウ,10,人,e
支局,シキョク,シキョク,10,場所-施設,-
万葉,マンヨウ,マンヨウ,8,植物-部位;時間,-
性器,セイキ,セイキ,9,動物-部位,-
付録,フロク,フロク,10,人工物-その他,-
海辺,ウミベ,ウミベ,9,場所-自然,-
毛皮,ケガワ,ケガワ,9,動物-部位,-
夕日,ユウヒ,ユウヒ,10,自然物,-
鮎,アユ,アユ,10,動物;人工物-食べ物,-
漬け物,ツケモノ,ツケモノ,9,人工物-食べ物,-
王子,オウジ,オウジ,9,人,-
夕刊,ユウカン,ユウカン,10,人工物-その他,-
省庁,ショウチョウ,ショウチョウ,10,組織・団体,-
山羊,ヤギ,ヤギ,10,動物,-
関白,カンパク,カンパク,8,人,-
天辺,テッペン,テッペン,9,場所-その他,-
遊女,ユウジョ,ユウジョ,8,人,-
端末,タンマツ,タンマツ,9,人工物-その他,-
小便,ショウベン,ショウベン,9,自然物,e
山村,サンソン,サンソン,10,場所-その他,-
借家,シャクヤ,シャクヤ,10,場所-施設,-
事典,ジテン,ジテン,10,人工物-その他;抽象物,-
側近,ソッキン,ソッキン,10,人,-
天麩羅,テンプラ,テンプラ,8,人工物-食べ物,-
朱,シュ,シュ,9,色,-
提督,テイトク,テイトク,9,人,-
領事,リョウジ,リョウジ,9,人,-
肉親,ニクシン,ニクシン,10,人,-
母体,ボタイ,ボタイ,10,動物;抽象物,-
官吏,カンリ,カンリ,10,人,-
スピーカー,スピーカー,スピーカー,10,人工物-その他,-
薬局,ヤッキョク,ヤッキョク,10,場所-施設,-
インター,インター,インター,10,場所-施設,-
店主,テンシュ,テンシュ,10,人,-
総長,ソウチョウ,ソウチョウ,10,人,-
暖簾,ノレン,ノレン,10,人工物-その他,-
植木,ウエキ,ウエキ,10,植物,-
流域,リュウイキ,リュウイキ,10,場所-その他,-
面目,メンボク,メンボク,10,動物-部位,p
田畑,タハタ,タハタ,10,場所-その他,-
テラス,テラス,テラス,10,場所-施設部位,-
義父,ギフ,ギフ,10,人,e
物差し,モノサシ,モノサシ,10,人工物-その他,-
昆虫,コンチュウ,コンチュウ,9,動物,e
商会,ショウカイ,ショウカイ,10,組織・団体,-
プリンター,プリンター,プリンター,9,人工物-その他,-
ゲイ,ゲイ,ゲイ,9,人,-
胴,ドウ,ドウ,9,動物-部位,-
農場,ノウジョウ,ノウジョウ,10,場所-その他,-
平地,ヘイチ,ヘイチ,9,場所-その他,-
クリスチャン,クリスチャン,クリスチャン,10,人,e
資材,シザイ,シザイ,10,人工物-その他,-
雑草,ザッソウ,ザッソウ,10,植物,e
口頭,コウトウ,コウトウ,10,動物-部位,e
武者,ムシャ,ムシャ,9,人,-
ポジション,ポジション,ポジション,10,場所-その他,-
陣営,ジンエイ,ジンエイ,10,組織・団体;場所-その他,-
新婦,シンプ,シンプ,7,人,-
ライス,ライス,ライス,10,人工物-食べ物,-
老舗,シニセ,シニセ,10,場所-施設,p
阿弥陀,アミダ,アミダ,7,人,-
料亭,リョウテイ,リョウテイ,10,場所-施設,-
御上,オカミ,オカミ,9,人,-
司教,シキョウ,シキョウ,9,人,-
砦,トリデ,トリデ,10,場所-施設,-
原告,ゲンコク,ゲンコク,10,人,-
ドラム,ドラム,ドラム,10,人工物-その他,-
ダイニング,ダイニング,ダイニング,9,場所-施設,-
師団,シダン,シダン,9,組織・団体,-
鰯,イワシ,イワシ,10,動物;人工物-食べ物,-
梯子,ハシゴ,ハシゴ,10,人工物-その他,-
与党,ヨトウ,ヨトウ,10,組織・団体,-
スポンサー,スポンサー,スポンサー,10,人,-
ダイヤル,ダイヤル,ダイヤル,9,人工物-その他;抽象物,-
海中,カイチュウ,カイチュウ,10,場所-自然,-
ターミナル,ターミナル,ターミナル,10,場所-施設,-
豪族,ゴウゾク,ゴウゾク,9,人,-
土砂,ドシャ,ドシャ,10,自然物,e
ゲスト,ゲスト,ゲスト,10,人,e
常連,ジョウレン,ジョウレン,10,人,e
村落,ソンラク,ソンラク,10,場所-その他,-
鞘,サヤ,サヤ,10,人工物-その他,-
饅頭,マンジュウ,マンジュウ,10,人工物-食べ物,-
コンパクト,コンパクト,コンパクト,10,人工物-その他,p
丸太,マルタ,マルタ,9,人工物-その他,-
朝刊,チョウカン,チョウカン,10,人工物-その他,-
ヘリコプター,ヘリコプター,ヘリコプター,10,人工物-乗り物,-
持ち物,モチモノ,モチモノ,10,人工物-その他,-
湾岸,ワンガン,ワンガン,10,場所-自然,-
コンタクト,コンタクト,コンタクト,10,人工物-その他;抽象物,-
材木,ザイモク,ザイモク,10,人工物-その他,-
次長,ジチョウ,ジチョウ,10,人,-
村長,ソンチョウ,ソンチョウ,9,人,-
模型,モケイ,モケイ,10,人工物-その他,-
排気,ハイキ,ハイキ,10,人工物-その他;抽象物,-
橇,ソリ,ソリ,9,人工物-乗り物,-
浴衣,ユカタ,ユカタ,10,人工物-衣類,-
内地,ナイチ,ナイチ,10,場所-その他,-
ブラシ,ブラシ,ブラシ,10,人工物-その他,-
ダイヤモンド,ダイヤモンド,ダイヤモンド,10,自然物,-
用紙,ヨウシ,ヨウシ,10,人工物-その他,-
路面,ロメン,ロメン,10,場所-その他,-
山林,サンリン,サンリン,10,場所-自然,-
バッテリー,バッテリー,バッテリー,10,組織・団体;人工物-その他,-
バケツ,バケツ,バケツ,8,人工物-その他,-
蕎麦,ソバ,ソバ,9,植物;人工物-食べ物,-
石段,イシダン,イシダン,8,場所-施設,-
子弟,シテイ,シテイ,10,人,-
邸宅,テイタク,テイタク,10,場所-施設,-
砂浜,スナハマ,スナハマ,9,場所-自然,-
マニア,マニア,マニア,10,人,e
極東,キョクトウ,キョクトウ,10,場所-その他,-
球場,キュウジョウ,キュウジョウ,8,場所-施設,-
壕,ゴウ,ゴウ,8,場所-その他,e
鎧,ヨロイ,ヨロイ,10,人工物-衣類,-
木戸,キド,キド,10,場所-施設,-
大通り,オオドオリ,オオドオリ,10,場所-その他,-
胡桃,クルミ,クルミ,9,植物;人工物-食べ物,-
トリック,トリック,トリック,10,人工物-その他,-
水素,スイソ,スイソ,10,自然物,-
艦長,カンチョウ,カンチョウ,7,人,-
高台,タカダイ,タカダイ,8,場所-その他,-
医薬,イヤク,イヤク,10,人工物-その他,-
本線,ホンセン,ホンセン,10,場所-施設,-
元素,ゲンソ,ゲンソ,10,自然物,-
苗,ナエ,ナエ,10,植物,-
手摺,テスリ,テスリ,9,場所-施設部位,-
鯖,サバ,サバ,10,動物;人工物-食べ物,-
青少年,セイショウネン,セイショウネン,10,人,e
夜空,ヨゾラ,ヨゾラ,10,場所-自然,-
肴,サカナ,サカナ,8,人工物-食べ物,-
弾丸,ダンガン,ダンガン,9,人工物-その他,e
屋台,ヤタイ,ヤタイ,8,場所-施設,-
御殿,ゴテン,ゴテン,10,場所-施設,-
当番,トウバン,トウバン,8,人;抽象物,-
祭壇,サイダン,サイダン,8,人工物-その他,-
青色,アオイロ,アオイロ,10,色,-
聖堂,セイドウ,セイドウ,7,場所-施設,-
達人,タツジン,タツジン,9,人,p
山麓,サンロク,サンロク,10,場所-自然,-
両目,リョウメ,リョウメ,10,動物-部位,-
地平,チヘイ,チヘイ,10,場所-自然,-
艇,テイ,テイ,9,人工物-乗り物,-
織物,オリモノ,オリモノ,10,人工物-その他,-
枕元,マクラモト,マクラモト,10,場所-その他,-
メダル,メダル,メダル,10,人工物-その他,p
炭酸,タンサン,タンサン,8,自然物,-
倅,セガレ,セガレ,8,人,-
山荘,サンソウ,サンソウ,9,場所-施設,-
主君,シュクン,シュクン,7,人,-
首筋,クビスジ,クビスジ,8,動物-部位,-
雑貨,ザッカ,ザッカ,9,人工物-その他,e
老女,ロウジョ,ロウジョ,7,人,-
鱗,ウロコ,ウロコ,9,動物-部位,-
腹部,フクブ,フクブ,9,動物-部位,-
密室,ミッシツ,ミッシツ,9,場所-その他,-
高山,タカヤマ,タカヤマ,10,場所-自然,-
三男,サンナン,サンナン,9,人,-
石垣,イシガキ,イシガキ,9,場所-施設部位,-
縁側,エンガワ,エンガワ,8,場所-施設部位,-
ティッシュ,ティッシュ,ティッシュ,9,人工物-その他,-
刃物,ハモノ,ハモノ,10,人工物-その他,e
一門,イチモン,イチモン,8,組織・団体,-
次女,ジジョ,ジジョ,10,人,-
ディレクター,ディレクター,ディレクター,10,人,-
プロデューサー,プロデューサー,プロデューサー,10,人,e
乙女,オトメ,オトメ,10,人,e
ハーブ,ハーブ,ハーブ,10,植物,-
家主,ヤヌシ,ヤヌシ,9,人,-
仏壇,ブツダン,ブツダン,10,人工物-その他,-
ヨット,ヨット,ヨット,10,人工物-乗り物,-
在庫,ザイコ,ザイコ,10,人工物-その他;抽象物,e
下層,カソウ,カソウ,10,場所-その他,-
ホスト,ホスト,ホスト,10,人,-
堤,ツツミ,ツツミ,10,場所-施設,-
樽,タリ,タリ,10,人工物-その他,-
藪,ヤブ,ヤブ,10,場所-自然,-
錦,ニシキ,ニシキ,10,人工物-その他,-
器官,キカン,キカン,10,動物-部位,-
ゼリー,ゼリー,ゼリー,9,人工物-食べ物,-
新車,シンシャ,シンシャ,9,人工物-乗り物,p
陶器,トウキ,トウキ,9,人工物-その他,-
水路,スイロ,スイロ,10,場所-施設,-
白鳥,ハクチョウ,ハクチョウ,9,動物,-
中隊,チュウタイ,チュウタイ,8,組織・団体,-
家老,カロウ,カロウ,8,人,-
糖,トウ,トウ,9,人工物-食べ物;自然物,e
一団,イチダン,イチダン,10,組織・団体,e
棺,ヒツギ,ヒツギ,9,人工物-その他,-
印鑑,インカン,インカン,10,人工物-その他,-
宅地,タクチ,タクチ,10,場所-その他,-
肛門,コウモン,コウモン,8,動物-部位,e
官邸,カンテイ,カンテイ,9,場所-施設,-
両腕,リョウウデ,リョウウデ,9,動物-部位,-
タワー,タワー,タワー,10,場所-施設,-
ブラウス,ブラウス,ブラウス,8,人工物-衣類,-
裏面,リメン,リメン,10,場所-その他,-
浴室,ヨクシツ,ヨクシツ,9,場所-施設,-
水上,スイジョウ,スイジョウ,9,場所-その他,-
町長,チョウチョウ,チョウチョウ,9,人,-
モーター,モーター,モーター,10,人工物-その他,-
ポット,ポット,ポット,10,人工物-その他,-
酵素,コウソ,コウソ,9,自然物,p
ミシン,ミシン,ミシン,9,人工物-その他,-
新郎,シンロウ,シンロウ,8,人,-
大砲,タイホウ,タイホウ,10,人工物-その他,-
本店,ホンテン,ホンテン,10,場所-施設,-
足場,アシバ,アシバ,10,場所-その他,-
公安,コウアン,コウアン,8,組織・団体,e
機体,キタイ,キタイ,10,人工物-その他,-
キャプテン,キャプテン,キャプテン,9,人,-
標的,ヒョウテキ,ヒョウテキ,10,人工物-その他,-
近親,キンシン,キンシン,10,人,-
ヨーグルト,ヨーグルト,ヨーグルト,9,人工物-食べ物,-
牙,キバ,キバ,9,動物-部位,-
宰相,サイショウ,サイショウ,8,人,-
古墳,コフン,コフン,7,場所-施設,-
口紅,クチベニ,クチベニ,9,人工物-その他,-
領地,リョウチ,リョウチ,10,場所-その他,-
一身,イッシン,イッシン,10,動物,-
最寄り,モヨリ,モヨリ,10,場所-その他,-
国旗,コッキ,コッキ,10,人工物-その他,-
垣,カキ,カキ,10,場所-施設部位,-
スライド,スライド,スライド,10,人工物-その他;抽象物,-
城主,ジョウシュ,ジョウシュ,10,人,-
チューブ,チューブ,チューブ,8,人工物-その他,-
草履,ゾウリ,ゾウリ,10,人工物-衣類,-
ホステス,ホステス,ホステス,9,人,-
如来,ニョライ,ニョライ,9,人,-
並木,ナミキ,ナミキ,10,植物,-
鴇,トキ,トキ,10,動物,-
判事,ハンジ,ハンジ,9,人,-
襞,ヒダ,ヒダ,10,人工物-衣類,-
配下,ハイカ,ハイカ,10,人,-
好物,コウブツ,コウブツ,10,人工物-食べ物,-
褐色,カッショク,カッショク,9,色,-
召し使い,メシツカイ,メシツカイ,8,人,-
稲荷,イナリ,イナリ,9,組織・団体;人工物-食べ物;場所-施設,-
カッター,カッター,カッター,10,人工物-その他,-
球団,キュウダン,キュウダン,8,組織・団体,-
横顔,ヨコガオ,ヨコガオ,9,動物-部位,-
マヨネーズ,マヨネーズ,マヨネーズ,9,人工物-食べ物,-
殿下,デンカ,デンカ,9,人,-
薬剤,ヤクザイ,ヤクザイ,9,人工物-その他,-
鷲,ワシ,ワシ,9,動物,-
列強,レッキョウ,レッキョウ,10,場所-その他,-
水着,ミズギ,ミズギ,10,人工物-衣類,-
ブーツ,ブーツ,ブーツ,8,人工物-衣類,-
ガール,ガール,ガール,10,人,-
ピザ,ピザ,ピザ,7,人工物-食べ物,-
現物,ゲンブツ,ゲンブツ,10,人工物-その他,-
鰹,カツオ,カツオ,10,動物;人工物-食べ物,-
内装,ナイソウ,ナイソウ,10,場所-施設部位,-
海域,カイイキ,カイイキ,10,場所-その他,-
屋外,オクガイ,オクガイ,10,場所-その他,-
熱気,ネッキ,ネッキ,10,自然物;抽象物,p
兜,カブト,カブト,8,人工物-衣類,-
落葉,ラクヨウ,ラクヨウ,8,植物-部位,e
家々,イエイエ,イエイエ,10,場所-施設,-
目印,メジルシ,メジルシ,10,人工物-その他,-
縫い包み,ヌイグルミ,ヌイグルミ,9,人工物-その他,-
コーラ,コーラ,コーラ,10,人工物-食べ物,-
蝙蝠,コウモリ,コウモリ,8,動物,-
野外,ヤガイ,ヤガイ,9,場所-その他,-
寝床,ネドコ,ネドコ,9,場所-その他,-
棘,トゲ,トゲ,9,植物-部位,-
西方,セイホウ,セイホウ,9,場所-その他,-
港湾,コウワン,コウワン,10,場所-施設,-
ボルト,ボルト,ボルト,9,人工物-その他,-
花束,ハナタバ,ハナタバ,10,人工物-その他,e
両端,リョウタン,リョウタン,10,場所-その他,-
舅,シュウト,シュウト,8,人,-
白色,ハクショク,ハクショク,10,色,e
デザート,デザート,デザート,10,人工物-食べ物,-
王妃,オウヒ,オウヒ,9,人,-
要員,ヨウイン,ヨウイン,10,人,-
当地,トウチ,トウチ,10,場所-その他,-
笹,ササ,ササ,9,植物,-
下水,ゲスイ,ゲスイ,10,人工物-その他,-
覚え書き,オボエガキ,オボエガキ,10,人工物-その他,-
信徒,シント,シント,9,人,-
シチュー,シチュー,シチュー,9,人工物-食べ物,-
蔦,ツタ,ツタ,9,植物,-
当主,トウシュ,トウシュ,10,人,-
クッキー,クッキー,クッキー,10,人工物-食べ物,-
草木,クサキ,クサキ,10,植物,-
構内,コウナイ,コウナイ,10,場所-その他,-
鶴,ツル,ツル,10,動物,-
右腕,ミギウデ,ミギウデ,9,動物-部位,-
パーツ,パーツ,パーツ,9,人工物-その他,-
地表,チヒョウ,チヒョウ,10,場所-その他,-
妊婦,ニンプ,ニンプ,9,人,-
蜜,ミツ,ミツ,9,自然物,-
野党,ヤトウ,ヤトウ,10,組織・団体,-
居所,キョショ,キョショ,10,場所-その他,-
財界,ザイカイ,ザイカイ,9,場所-その他,-
臓器,ゾウキ,ゾウキ,10,動物-部位,-
袂,タモト,タモト,9,人工物-その他,-
水夫,スイフ,スイフ,7,人,-
真珠,シンジュ,シンジュ,10,自然物,-
新品,シンピン,シンピン,10,人工物-その他,p
八方,ハッポウ,ハッポウ,10,場所-その他,-
竹の子,タケノコ,タケノコ,10,植物-部位;人工物-食べ物,-
公社,コウシャ,コウシャ,9,組織・団体,-
煙突,エントツ,エントツ,9,場所-施設部位,-
プリンス,プリンス,プリンス,10,人,p
新田,シンデン,シンデン,9,場所-その他,-
垣根,カキネ,カキネ,10,場所-施設部位;抽象物,e
鉛,ナマリ,ナマリ,10,自然物,e
マガジン,マガジン,マガジン,10,人工物-その他,-
プロテスタント,プロテスタント,プロテスタント,10,人,-
パトカー,パトカー,パトカー,9,人工物-乗り物,e
フルーツ,フルーツ,フルーツ,9,人工物-食べ物,-
寺社,ジシャ,ジシャ,10,組織・団体,-
古本,フルホン,フルホン,9,人工物-その他,e
遺物,イブツ,イブツ,10,人工物-その他;抽象物,e
菩薩,ボサツ,ボサツ,9,人,e
漆,ウルシ,ウルシ,9,植物,-
門前,モンゼン,モンゼン,9,場所-その他,-
母屋,オモヤ,オモヤ,9,場所-施設,-
王女,オウジョ,オウジョ,8,人,-
代官,ダイカン,ダイカン,10,人,-
法華,ホケ,ホケ,7,組織・団体;抽象物,-
王家,オウケ,オウケ,8,組織・団体,-
葉っぱ,ハッパ,ハッパ,9,植物-部位,-
麻,アサ,アサ,9,植物,-
官軍,カングン,カングン,8,組織・団体,-
脛,スネ,スネ,8,動物-部位,-
隊員,タイイン,タイイン,10,人,-
陸地,リクチ,リクチ,10,場所-自然,-
付き物,ツキモノ,ツキモノ,10,人工物-その他,-
部位,ブイ,ブイ,10,場所-その他,-
銀色,ギンイロ,ギンイロ,8,色,-
頭巾,ズキン,ズキン,9,人工物-衣類,e
飲み屋,ノミヤ,ノミヤ,10,場所-施設,-
一派,イッパ,イッパ,10,組織・団体,-
石器,セッキ,セッキ,8,人工物-その他,-
男爵,ダンシャク,ダンシャク,10,人,-
党員,トウイン,トウイン,9,人,-
中高年,チュウコウネン,チュウコウネン,10,人,-
クッション,クッション,クッション,9,人工物-その他,-
アルミ,アルミ,アルミ,10,自然物,-
閣僚,カクリョウ,カクリョウ,8,人,-
未亡人,ミボウジン,ミボウジン,10,人,-
界隈,カイワイ,カイワイ,10,場所-その他,-
火燵,コタツ,コタツ,10,人工物-その他,-
母国,ボコク,ボコク,10,場所-その他,-
際限,サイゲン,サイゲン,10,場所-その他,e
河童,カッパ,カッパ,10,動物,-
チキン,チキン,チキン,10,人工物-食べ物,-
線香,センコウ,センコウ,7,人工物-その他,-
女史,ジョシ,ジョシ,9,人,-
種族,シュゾク,シュゾク,10,組織・団体,-
膣,チツ,チツ,8,動物-部位,-
ヘルパー,ヘルパー,ヘルパー,10,人,-
派閥,ハバツ,ハバツ,10,組織・団体,-
生身,ナマミ,ナマミ,10,動物,-
拍車,ハクシャ,ハクシャ,10,人工物-その他;抽象物,-
赤色,アカイロ,アカイロ,9,色,-
アイテム,アイテム,アイテム,9,人工物-その他,-
奥底,オクソコ,オクソコ,10,場所-その他,-
ヘリ,ヘリ,ヘリ,8,人工物-乗り物,-
蕾,ツボミ,ツボミ,8,植物-部位,-
金剛,コンゴウ,コンゴウ,8,人工物-その他,-
中堅,チュウケン,チュウケン,10,人,-
ポンプ,ポンプ,ポンプ,10,人工物-その他,-
燕,ツバメ,ツバメ,8,動物,-
高官,コウカン,コウカン,10,人,-
皇族,コウゾク,コウゾク,10,組織・団体,-
びら,ビラ,ビラ,10,人工物-その他,-
余人,ヨジン,ヨジン,8,人,-
チャンピオン,チャンピオン,チャンピオン,10,人,p
茂み,シゲミ,シゲミ,8,場所-自然,-
栓,セン,セン,9,人工物-その他,-
当方,トウホウ,トウホウ,10,場所-その他,-
鰤,ブリ,ブリ,10,動物;人工物-食べ物,-
苔,コケ,コケ,9,植物,-
床の間,トコノマ,トコノマ,9,場所-施設部位,-
刺繍,シシュウ,シシュウ,9,人工物-その他;抽象物,-
籤,クジ,クジ,10,人工物-その他,-
女人,ニョニン,ニョニン,8,人,-
粘土,ネンド,ネンド,10,自然物,-
証書,ショウショ,ショウショ,9,人工物-その他,-
笠,カサ,カサ,8,人工物-その他,-
ホームレス,ホームレス,ホームレス,9,人,-
ガム,ガム,ガム,10,人工物-食べ物,-
グラウンド,グラウンド,グラウンド,10,場所-施設,-
切れ目,キレメ,キレメ,10,場所-その他,-
壁面,ヘキメン,ヘキメン,10,場所-その他,-
焼き肉,ヤキニク,ヤキニク,9,人工物-食べ物,-
キット,キット,キット,9,人工物-その他,-
結社,ケッシャ,ケッシャ,10,組織・団体,-
手拭い,テヌグイ,テヌグイ,8,人工物-その他,-
街頭,ガイトウ,ガイトウ,10,場所-その他,-
廃虚,ハイキョ,ハイキョ,10,場所-施設;抽象物,-
伝票,デンピョウ,デンピョウ,9,人工物-その他,-
裏手,ウラテ,ウラテ,9,場所-その他,-
目先,メサキ,メサキ,10,場所-その他;時間,-
白紙,ハクシ,ハクシ,10,人工物-その他,-
アクセル,アクセル,アクセル,10,人工物-その他,-
化石,カセキ,カセキ,10,自然物,e
船頭,センドウ,センドウ,8,人,-
台地,ダイチ,ダイチ,8,場所-その他,-
蜂蜜,ハチミツ,ハチミツ,9,人工物-食べ物;自然物,-
風船,フウセン,フウセン,9,人工物-その他,-
フェリー,フェリー,フェリー,10,人工物-乗り物,-
賜物,タマモノ,タマモノ,10,人工物-その他,-
装束,ショウゾク,ショウゾク,8,人工物-衣類,-
南蛮,ナンバン,ナンバン,9,場所-その他,-
麒麟,キリン,キリン,9,動物,e
志士,シシ,シシ,9,人,-
欅,ケヤキ,ケヤキ,7,植物,-
アカデミー,アカデミー,アカデミー,10,組織・団体;場所-施設,-
炭鉱,タンコウ,タンコウ,9,人工物-その他,-
タイル,タイル,タイル,9,人工物-その他,-
白衣,ハクイ,ハクイ,10,人工物-衣類,-
オーブン,オーブン,オーブン,10,人工物-その他,-
航路,コウロ,コウロ,10,場所-その他,-
魚雷,ギョライ,ギョライ,8,人工物-その他,-
物産,ブッサン,ブッサン,10,人工物-その他,-
本場,ホンバ,ホンバ,10,場所-その他,-
導体,ドウタイ,ドウタイ,8,自然物,-
借地,シャクチ,シャクチ,8,場所-その他,-
外食,ガイショク,ガイショク,9,人工物-食べ物,-
電器,デンキ,デンキ,10,人工物-その他,-
白書,ハクショ,ハクショ,10,人工物-その他;抽象物,-
コンサルタント,コンサルタント,コンサルタント,9,人,-
浜辺,ハマベ,ハマベ,10,場所-自然,-
パスタ,パスタ,パスタ,9,人工物-食べ物,-
臼,ウス,ウス,10,人工物-その他,-
匙,サジ,サジ,9,人工物-その他,-
パジャマ,パジャマ,パジャマ,8,人工物-衣類,-
ハンバーガー,ハンバーガー,ハンバーガー,10,人工物-食べ物,-
小指,コユビ,コユビ,9,動物-部位,-
包帯,ホウタイ,ホウタイ,9,人工物-その他,-
ヒーロー,ヒーロー,ヒーロー,10,人,p
和食,ワショク,ワショク,9,人工物-食べ物,e
海豚,イルカ,イルカ,8,動物,-
ペダル,ペダル,ペダル,10,人工物-その他,-
教祖,キョウソ,キョウソ,9,人,e
弾薬,ダンヤク,ダンヤク,9,人工物-その他,e
城壁,ジョウヘキ,ジョウヘキ,7,場所-施設部位,-
梅干し,ウメボシ,ウメボシ,9,人工物-食べ物,-
蕗,フキ,フキ,9,植物;人工物-食べ物,-
男児,ダンジ,ダンジ,9,人,-
唐辛子,トウガラシ,トウガラシ,9,植物;人工物-食べ物,-
金髪,キンパツ,キンパツ,9,動物-部位,-
工房,コウボウ,コウボウ,7,場所-施設,-
帰り道,カエリミチ,カエリミチ,10,場所-その他,-
客室,キャクシツ,キャクシツ,8,場所-施設,-
文人,ブンジン,ブンジン,9,人,p
庁舎,チョウシャ,チョウシャ,9,場所-施設,-
船員,センイン,センイン,9,人,-
電機,デンキ,デンキ,10,人工物-その他,-
斧,オノ,オノ,10,人工物-その他,-
フライパン,フライパン,フライパン,9,人工物-その他,-
エース,エース,エース,10,人,-
鉄鋼,テッコウ,テッコウ,10,人工物-その他,e
公使,コウシ,コウシ,8,人,-
行く手,ユクテ,ユクテ,9,場所-その他,e
後進,コウシン,コウシン,10,人,e
火薬,カヤク,カヤク,9,人工物-その他,-
別冊,ベッサツ,ベッサツ,10,人工物-その他;抽象物,-
小手,コテ,コテ,10,動物-部位;人工物-衣類;抽象物,-
粉末,フンマツ,フンマツ,10,人工物-その他,-
駱駝,ラクダ,ラクダ,9,動物,-
梟,フクロウ,フクロウ,8,動物,-
支柱,シチュウ,シチュウ,10,人工物-その他,-
和室,ワシツ,ワシツ,8,場所-施設,e
動植物,ドウショクブツ,ドウショクブツ,10,動物;植物,-
校庭,コウテイ,コウテイ,10,場所-施設,-
仏像,ブツゾウ,ブツゾウ,7,人工物-その他,-
荒野,アラノ,アラノ,10,場所-自然,e
ブリッジ,ブリッジ,ブリッジ,10,場所-施設,-
糧,カテ,カテ,10,人工物-食べ物,-
煮物,ニモノ,ニモノ,10,人工物-食べ物,-
裏口,ウラグチ,ウラグチ,9,場所-施設部位;抽象物,-
憲兵,ケンペイ,ケンペイ,8,人,-
アダルト,アダルト,アダルト,10,人,-
原油,ゲンユ,ゲンユ,9,自然物,e
衣料,イリョウ,イリョウ,10,人工物-衣類,-
ジャー,ジャー,ジャー,9,人工物-その他,-
氷河,ヒョウガ,ヒョウガ,10,自然物,-
重り,オモリ,オモリ,10,人工物-その他,-
漁場,ギョバ,ギョバ,9,場所-その他,-
小川,オガワ,オガワ,9,場所-自然,-
灘,ナダ,ナダ,10,場所-その他,-
学界,ガッカイ,ガッカイ,9,場所-その他,-
鰹節,カツオブシ,カツオブシ,9,人工物-食べ物,-
マフラー,マフラー,マフラー,8,人工物-衣類,-
尾根,オネ,オネ,8,場所-自然,-
乳母,ウバ,ウバ,9,人,-
歌人,カジン,カジン,8,人,-
蕪,カブ,カブ,9,植物;人工物-食べ物,-
窒素,チッソ,チッソ,9,自然物,-
店先,ミセサキ,ミセサキ,9,場所-その他,-
リュック,リュック,リュック,10,人工物-その他,-
要塞,ヨウサイ,ヨウサイ,9,場所-施設,-
インテリア,インテリア,インテリア,9,人工物-その他,e
王者,オウジャ,オウジャ,10,人,p
レンタカー,レンタカー,レンタカー,10,人工物-乗り物,-
聖地,セイチ,セイチ,10,場所-その他,-
タグ,タグ,タグ,9,人工物-その他,-
大腸,ダイチョウ,ダイチョウ,7,動物-部位,-
スプレー,スプレー,スプレー,9,人工物-その他;抽象物,e
長者,チョウジャ,チョウジャ,10,人,p
実地,ジッチ,ジッチ,10,場所-その他,e
少将,ショウショウ,ショウショウ,8,人,-
面々,メンメン,メンメン,10,人,e
胴体,ドウタイ,ドウタイ,9,動物-部位,-
財閥,ザイバツ,ザイバツ,10,組織・団体,-
牡蠣,カキ,カキ,8,動物;人工物-食べ物,-
北国,キタグニ,キタグニ,9,場所-その他,-
雑巾,ゾウキン,ゾウキン,10,人工物-その他,-
鱒,マス,マス,9,動物,-
旅客,リョカク,リョカク,9,人,-
組長,クミチョウ,クミチョウ,9,人,-
土器,ドキ,ドキ,8,人工物-その他,-
鑿,ノミ,ノミ,10,人工物-その他,-
ぶな,ブナ,ブナ,9,植物,-
水銀,スイギン,スイギン,9,自然物,-
諸侯,ショコウ,ショコウ,8,人,-
アルカリ,アルカリ,アルカリ,10,自然物,-
紺,コン,コン,9,色,-
雑木,ゾウキ,ゾウキ,10,植物,-
社宅,シャタク,シャタク,9,場所-施設,-
太閤,タイコウ,タイコウ,8,人,-
子息,シソク,シソク,9,人,-
乳児,ニュウジ,ニュウジ,8,人,-
税関,ゼイカン,ゼイカン,10,組織・団体;場所-施設,-
車掌,シャショウ,シャショウ,10,人,-
飛蝗,バッタ,バッタ,8,動物,-
サングラス,サングラス,サングラス,7,人工物-その他,-
ピッチャー,ピッチャー,ピッチャー,9,人,-
元帥,ゲンスイ,ゲンスイ,9,人,-
和服,ワフク,ワフク,8,人工物-衣類,-
返信,ヘンシン,ヘンシン,10,人工物-その他,p
筏,イカダ,イカダ,7,人工物-乗り物,-
蓮,ハス,ハス,10,植物;人工物-食べ物,-
サンタ,サンタ,サンタ,8,人,-
分身,ブンシン,ブンシン,10,動物,-
巻末,カンマツ,カンマツ,10,人工物-その他,-
大軍,タイグン,タイグン,7,組織・団体,-
帰途,キト,キト,10,場所-その他,-
土俵,ドヒョウ,ドヒョウ,10,場所-施設,-
便器,ベンキ,ベンキ,10,人工物-その他,-
マップ,マップ,マップ,9,人工物-その他,-
鶯,ウグイス,ウグイス,9,動物,-
赤子,アカゴ,アカゴ,8,人,-
ポテト,ポテト,ポテト,7,人工物-食べ物,-
手先,テサキ,テサキ,10,動物-部位;抽象物,-
別物,ベツモノ,ベツモノ,10,人工物-その他;抽象物,-
素麺,ソウメン,ソウメン,8,人工物-食べ物,-
耳元,ミミモト,ミミモト,8,場所-その他,-
牢,ロウ,ロウ,8,人工物-その他,-
源流,ゲンリュウ,ゲンリュウ,10,場所-自然;抽象物,-
コンドーム,コンドーム,コンドーム,8,人工物-その他,-
力士,リキシ,リキシ,8,人,e
プラザ,プラザ,プラザ,9,場所-施設,-
ネックレス,ネックレス,ネックレス,8,人工物-衣類,-
島々,シマジマ,シマジマ,10,場所-自然,-
チャーハン,チャーハン,チャーハン,9,人工物-食べ物,-
当社,トウシャ,トウシャ,10,組織・団体,-
トースト,トースト,トースト,8,人工物-食べ物,-
渓谷,ケイコク,ケイコク,9,場所-自然,-
天秤,テンビン,テンビン,9,人工物-その他,-
蝸牛,カタツムリ,カタツムリ,8,動物,-
インフラ,インフラ,インフラ,10,場所-施設,e
浴槽,ヨクソウ,ヨクソウ,9,場所-施設部位,-
署長,ショチョウ,ショチョウ,8,人,-
恩師,オンシ,オンシ,9,人,-
平原,ヘイゲン,ヘイゲン,9,場所-自然,-
重役,ジュウヤク,ジュウヤク,9,人,-
党派,トウハ,トウハ,10,組織・団体,-
羽織,ハオリ,ハオリ,8,人工物-衣類,-
ペンキ,ペンキ,ペンキ,9,人工物-その他,e
船団,センダン,センダン,9,組織・団体,-
剃刀,カミソリ,カミソリ,10,人工物-その他,-
灰汁,アク,アク,9,自然物,-
ランナー,ランナー,ランナー,9,人,-
シャンパン,シャンパン,シャンパン,8,人工物-食べ物,-
蝋,ロウ,ロウ,10,人工物-その他,e
湿地,シッチ,シッチ,10,場所-自然,-
眼球,ガンキュウ,ガンキュウ,9,動物-部位,-
町民,チョウミン,チョウミン,10,人,-
痣,アザ,アザ,7,動物-部位,-
君子,クンシ,クンシ,8,人,e
短大,タンダイ,タンダイ,10,組織・団体;場所-施設,-
労組,ロウソ,ロウソ,9,組織・団体,-
教頭,キョウトウ,キョウトウ,9,人,-
セーラー,セーラー,セーラー,7,人,-
支社,シシャ,シシャ,10,場所-施設,-
ドリル,ドリル,ドリル,9,人工物-その他,-
キャンデー,キャンデー,キャンデー,10,人工物-食べ物,-
島民,トウミン,トウミン,8,人,-
河豚,フグ,フグ,8,動物;人工物-食べ物,-
孤児,コジ,コジ,9,人,-
銃弾,ジュウダン,ジュウダン,9,人工物-その他,e
骨董,コットウ,コットウ,9,人工物-その他,p
梃子,テコ,テコ,10,人工物-その他,-
蚊帳,カヤ,カヤ,10,人工物-その他,-
カウンセラー,カウンセラー,カウンセラー,9,人,e
隣国,リンゴク,リンゴク,10,場所-その他,-
背骨,セボネ,セボネ,9,動物-部位,-
空き地,アキチ,アキチ,10,場所-その他,-
素顔,スガオ,スガオ,10,動物-部位,-
青銅,セイドウ,セイドウ,9,自然物,-
昴,スバル,スバル,7,自然物,-
動脈,ドウミャク,ドウミャク,10,動物-部位,-
楽園,ラクエン,ラクエン,10,場所-その他,p
ディナー,ディナー,ディナー,10,人工物-食べ物,-
交友,コウユウ,コウユウ,9,人,p
封印,フウイン,フウイン,10,人工物-その他;抽象物,-
本山,ホンザン,ホンザン,10,場所-施設,-
巷,チマタ,チマタ,10,場所-その他,-
ギョーザ,ギョーザ,ギョーザ,8,人工物-食べ物,-
従者,ジュウシャ,ジュウシャ,8,人,-
詩集,シシュウ,シシュウ,10,人工物-その他;抽象物,-
ジュニア,ジュニア,ジュニア,10,人,-
胸元,ムナモト,ムナモト,8,動物-部位,-
水辺,ミズベ,ミズベ,9,場所-自然,e
風呂敷,フロシキ,フロシキ,9,人工物-その他,-
小生,ショウセイ,ショウセイ,7,人,-
窓際,マドギワ,マドギワ,9,場所-その他,-
庇,ヒサシ,ヒサシ,9,場所-施設部位,-
入れ墨,イレズミ,イレズミ,7,動物-部位,e
海鼠,ナマコ,ナマコ,7,動物;人工物-食べ物,-
陣地,ジンチ,ジンチ,9,場所-その他,-
臨海,リンカイ,リンカイ,10,場所-自然,-
キャスター,キャスター,キャスター,10,人,-
バイオリン,バイオリン,バイオリン,9,人工物-その他,-
雨戸,アマド,アマド,8,人工物-その他,-
電線,デンセン,デンセン,10,人工物-その他,-
学長,ガクチョウ,ガクチョウ,10,人,-
局長,キョクチョウ,キョクチョウ,9,人,-
敷居,シキイ,シキイ,10,場所-施設部位,e
鞍,クラ,クラ,9,人工物-その他,-
随所,ズイショ,ズイショ,9,場所-その他,-
壁蝨,ダニ,ダニ,9,動物,-
ピアス,ピアス,ピアス,8,人工物-衣類,-
ガレージ,ガレージ,ガレージ,10,場所-施設,-
楽屋,ガクヤ,ガクヤ,9,場所-施設,-
顔触れ,カオブレ,カオブレ,10,人,-
鮫,サメ,サメ,10,動物,-
売り物,ウリモノ,ウリモノ,10,人工物-その他,-
蒲鉾,カマボコ,カマボコ,8,人工物-食べ物,-
ミュージシャン,ミュージシャン,ミュージシャン,10,人,p
石灰,セッカイ,セッカイ,10,自然物,-
家鴨,アヒル,アヒル,9,動物,-
樹脂,ジュシ,ジュシ,9,自然物,-
酒場,サカバ,サカバ,9,場所-その他,-
娼婦,ショウフ,ショウフ,8,人,-
王宮,オウキュウ,オウキュウ,8,場所-施設,-
カボチャ,カボチャ,カボチャ,9,植物;人工物-食べ物,-
客席,キャクセキ,キャクセキ,8,場所-施設部位,-
イエロー,イエロー,イエロー,8,色,-
鷺,サギ,サギ,9,動物,-
ユートピア,ユートピア,ユートピア,10,場所-その他,-
松明,タイマツ,タイマツ,9,人工物-その他,-
虜,トリコ,トリコ,10,人,-
南端,ナンタン,ナンタン,10,場所-その他,-
ワイヤ,ワイヤ,ワイヤ,9,人工物-その他,-
木陰,コカゲ,コカゲ,9,場所-自然,e
買い手,カイテ,カイテ,10,人,-
陸海軍,リクカイグン,リクカイグン,9,組織・団体,-
金具,カナグ,カナグ,8,人工物-その他,-
相棒,アイボウ,アイボウ,9,人,-
下地,シタジ,シタジ,10,人工物-その他,-
屋内,オクナイ,オクナイ,9,場所-その他,-
参道,サンドウ,サンドウ,9,場所-施設,-
聖域,セイイキ,セイイキ,10,場所-その他,-
人家,ジンカ,ジンカ,9,場所-施設,-
将兵,ショウヘイ,ショウヘイ,9,人,-
耕地,コウチ,コウチ,9,場所-その他,-
ガーゼ,ガーゼ,ガーゼ,8,人工物-その他,-
文中,ブンチュウ,ブンチュウ,10,場所-その他,-
戸棚,トダナ,トダナ,9,人工物-その他,-
暗がり,クラガリ,クラガリ,8,場所-その他,-
瀬,セ,セ,10,場所-自然,-
梢,コズエ,コズエ,7,植物-部位,-
門徒,モント,モント,7,人,-
罪人,ザイニン,ザイニン,7,人,-
エンジニア,エンジニア,エンジニア,10,人,e
特産,トクサン,トクサン,9,人工物-その他,e
豹,ヒョウ,ヒョウ,8,動物,-
雑魚,ザコ,ザコ,9,動物,-
海兵,カイヘイ,カイヘイ,7,人,-
匠,タクミ,タクミ,9,人,p
クイーン,クイーン,クイーン,10,人,-
鵜,ウ,ウ,9,動物,-
桟橋,サンバシ,サンバシ,9,場所-施設,-
外壁,ガイヘキ,ガイヘキ,9,場所-施設部位,-
薔薇色,バライロ,バライロ,10,色,-
マント,マント,マント,8,人工物-衣類,-
芹,セリ,セリ,9,植物,-
アトリエ,アトリエ,アトリエ,9,場所-施設,-
船体,センタイ,センタイ,9,人工物-その他,-
后,キサキ,キサキ,9,人,-
叢書,ソウショ,ソウショ,10,人工物-その他;抽象物,-
秀才,シュウサイ,シュウサイ,10,人,p
小豆,アズキ,アズキ,9,植物,-
ヘルメット,ヘルメット,ヘルメット,9,人工物-衣類,-
蛤,ハマグリ,ハマグリ,9,動物;人工物-食べ物,-
沿線,エンセン,エンセン,9,場所-その他,-
トリ,トリ,トリ,10,動物,-
係員,カカリイン,カカリイン,10,人,-
高地,コウチ,コウチ,10,場所-その他,-
白菜,ハクサイ,ハクサイ,9,植物;人工物-食べ物,-
湖畔,コハン,コハン,9,場所-自然,-
エプロン,エプロン,エプロン,9,人工物-衣類,-
老若,ロウニャク,ロウニャク,10,人,-
回廊,カイロウ,カイロウ,10,場所-施設部位,-
銀杏,ギンナン,ギンナン,8,植物,-
抗体,コウタイ,コウタイ,7,自然物,-
磯,イソ,イソ,9,場所-自然,-
古書,コショ,コショ,10,人工物-その他;抽象物,e
黒板,コクバン,コクバン,10,人工物-その他,-
宝庫,ホウコ,ホウコ,10,場所-施設,-
迷路,メイロ,メイロ,10,場所-その他,e
勲章,クンショウ,クンショウ,10,人工物-その他,p
スニーカー,スニーカー,スニーカー,7,人工物-衣類,e
正門,セイモン,セイモン,9,場所-施設,-
大河,タイガ,タイガ,9,場所-自然,-
名主,ナヌシ,ナヌシ,10,人,-
有志,ユウシ,ユウシ,10,人;抽象物,-
銭湯,セントウ,セントウ,9,場所-施設,-
頭髪,トウハツ,トウハツ,9,動物-部位,-
牧草,ボクソウ,ボクソウ,9,植物,-
断崖,ダンガイ,ダンガイ,8,場所-自然,-
ジャンボ,ジャンボ,ジャンボ,10,人工物-乗り物;数量,-
宝籤,タカラクジ,タカラクジ,9,人工物-その他,-
自室,ジシツ,ジシツ,9,場所-施設,p
センサー,センサー,センサー,10,人工物-その他,-
温室,オンシツ,オンシツ,9,場所-施設,-
跡地,アトチ,アトチ,9,場所-その他,-
グラフィック,グラフィック,グラフィック,10,人工物-その他,-
絵の具,エノグ,エノグ,9,人工物-その他,-
少尉,ショウイ,ショウイ,7,人,-
生家,セイカ,セイカ,9,場所-施設,-
町角,マチカド,マチカド,10,場所-その他,-
気管,キカン,キカン,7,動物-部位,-
余所者,ヨソモノ,ヨソモノ,10,人,-
年輩,ネンパイ,ネンパイ,9,人,-
ガイドブック,ガイドブック,ガイドブック,9,人工物-その他,-
王室,オウシツ,オウシツ,9,場所-施設,-
商船,ショウセン,ショウセン,9,人工物-乗り物,-
モーニング,モーニング,モーニング,8,人工物-衣類;時間,-
参事,サンジ,サンジ,7,人,-
馬上,バジョウ,バジョウ,10,場所-その他,-
酒屋,サカヤ,サカヤ,9,場所-施設,-
仁王,ニオウ,ニオウ,8,人,-
紙片,シヘン,シヘン,7,人工物-その他,-
壁紙,カベガミ,カベガミ,8,人工物-その他,-
天上,テンジョウ,テンジョウ,8,場所-自然,-
メロン,メロン,メロン,10,植物;人工物-食べ物,-
庭先,ニワサキ,ニワサキ,9,場所-施設部位,-
アーチ,アーチ,アーチ,9,場所-施設,e
両脇,リョウワキ,リョウワキ,10,動物-部位;場所-機能,-
頭取,トウドリ,トウドリ,8,人,-
厨房,チュウボウ,チュウボウ,9,場所-施設,e
一群,イチグン,イチグン,9,組織・団体,-
ごきぶり,ゴキブリ,ゴキブリ,9,動物,-
旅先,タビサキ,タビサキ,9,場所-その他,-
磁石,ジシャク,ジシャク,10,人工物-その他,-
写本,シャホン,シャホン,9,人工物-その他;抽象物,-
左腕,サワン,サワン,9,動物-部位;抽象物,-
神官,シンカン,シンカン,7,人,-
箒,ホウキ,ホウキ,8,人工物-その他,-
瑠璃,ルリ,ルリ,8,人工物-その他;自然物,-
葉巻,ハマキ,ハマキ,7,人工物-その他,-
片足,カタアシ,カタアシ,8,動物-部位;人工物-その他,-
針金,ハリガネ,ハリガネ,10,人工物-その他,-
鳥居,トリイ,トリイ,9,場所-施設,-
定食,テイショク,テイショク,9,人工物-食べ物,-
取っ手,トッテ,トッテ,8,場所-その他,-
家元,イエモト,イエモト,8,人;場所-施設,-
おでん,オデン,オデン,8,人工物-食べ物,-
草花,クサバナ,クサバナ,10,植物,-
義兄,ギケイ,ギケイ,9,人,-
眼下,ガンカ,ガンカ,8,場所-その他,-
勝者,ショウシャ,ショウシャ,10,人,p
前足,マエアシ,マエアシ,8,動物-部位,-
穂,ホ,ホ,10,植物-部位,-
ハンター,ハンター,ハンター,10,人,-
枝葉,エダハ,エダハ,10,植物-部位,e
ネオン,ネオン,ネオン,9,人工物-その他;自然物,-
一座,イチザ,イチザ,7,人,-
大脳,ダイノウ,ダイノウ,9,動物-部位,-
法王,ホウオウ,ホウオウ,10,人,-
火星,カセイ,カセイ,9,自然物,-
山奥,ヤマオク,ヤマオク,9,場所-その他,-
湯船,ユブネ,ユブネ,7,人工物-その他,-
鉄板,テッパン,テッパン,9,人工物-その他,-
平民,ヘイミン,ヘイミン,8,人,-
百合,ユリ,ユリ,8,植物,-
総監,ソウカン,ソウカン,8,人,-
戸外,コガイ,コガイ,8,場所-その他,-
身柄,ミガラ,ミガラ,7,動物,-
リフト,リフト,リフト,8,人工物-乗り物,-
デジカメ,デジカメ,デジカメ,7,人工物-その他,-
ライダー,ライダー,ライダー,10,人,-
アイロン,アイロン,アイロン,9,人工物-その他,-
水色,ミズイロ,ミズイロ,10,色,-
車線,シャセン,シャセン,9,場所-施設部位,-
乳幼児,ニュウヨウジ,ニュウヨウジ,9,人,e
前髪,マエガミ,マエガミ,9,動物-部位,-
残骸,ザンガイ,ザンガイ,10,人工物-その他,-
コーディネーター,コーディネーター,コーディネーター,10,人,-
茶の間,チャノマ,チャノマ,10,場所-施設,-
ハイウエー,ハイウエー,ハイウエー,9,場所-施設,-
本丸,ホンマル,ホンマル,8,場所-施設部位,-
家財,カザイ,カザイ,9,人工物-その他,-
薬草,ヤクソウ,ヤクソウ,10,植物;人工物-食べ物,-
ソーセージ,ソーセージ,ソーセージ,10,人工物-食べ物,-
万国,バンコク,バンコク,10,場所-その他,-
各所,カクショ,カクショ,10,場所-その他,-
コンテナ,コンテナ,コンテナ,10,人工物-その他,-
小国,ショウコク,ショウコク,10,場所-その他,-
中腹,チュウフク,チュウフク,7,場所-自然,-
竃,カマド,カマド,10,場所-施設部位,-
算盤,ソロバン,ソロバン,10,人工物-その他,-
団扇,ウチワ,ウチワ,10,人工物-その他,-
氏族,シゾク,シゾク,8,組織・団体,-
灯台,トウダイ,トウダイ,9,人工物-その他,-
南国,ナンゴク,ナンゴク,9,場所-その他,-
糠,ヌカ,ヌカ,9,植物-部位,-
松茸,マツタケ,マツタケ,10,植物;人工物-食べ物,-
唾液,ダエキ,ダエキ,7,自然物,e
犀,サイ,サイ,8,動物,-
クリ,クリ,クリ,10,植物;人工物-食べ物,-
漁協,ギョキョウ,ギョキョウ,8,組織・団体,-
実子,ジッシ,ジッシ,9,人,-
柚子,ユズ,ユズ,8,植物;人工物-食べ物,-
新居,シンキョ,シンキョ,10,場所-施設,-
寄席,ヨセ,ヨセ,8,場所-施設,-
片腕,カタウデ,カタウデ,10,動物-部位,-
コバルト,コバルト,コバルト,10,自然物,-
家長,カチョウ,カチョウ,10,人,-
直角,チョッカク,チョッカク,9,場所-その他,-
長靴,ナガグツ,ナガグツ,9,人工物-衣類,-
地裁,チサイ,チサイ,9,組織・団体,-
オーディオ,オーディオ,オーディオ,8,人工物-その他,-
空軍,クウグン,クウグン,8,組織・団体,-
頭蓋,ズガイ,ズガイ,9,動物-部位,-
入り江,イリエ,イリエ,8,場所-自然,-
灯籠,トウロウ,トウロウ,7,人工物-その他,-
錨,イカリ,イカリ,8,人工物-その他,-
配線,ハイセン,ハイセン,8,人工物-その他,-
色素,シキソ,シキソ,7,自然物,-
父兄,フケイ,フケイ,9,人,-
幼馴染み,オサナナジミ,オサナナジミ,9,人,-
館長,カンチョウ,カンチョウ,8,人,-
子分,コブン,コブン,8,人,-
茶室,チャシツ,チャシツ,8,場所-施設,-
右派,ウハ,ウハ,8,組織・団体,-
火花,ヒバナ,ヒバナ,9,自然物,-
部員,ブイン,ブイン,9,人,-
中指,ナカユビ,ナカユビ,7,動物-部位,-
公庫,コウコ,コウコ,8,組織・団体,-
ディーゼル,ディーゼル,ディーゼル,8,人工物-その他,-
赤み,アカミ,アカミ,7,動物-部位,-
受け皿,ウケザラ,ウケザラ,10,人工物-その他;抽象物,-
隣家,リンカ,リンカ,9,場所-施設,-
富豪,フゴウ,フゴウ,9,人,-
机上,キジョウ,キジョウ,10,場所-その他,-
異人,イジン,イジン,7,人,-
内裏,ダイリ,ダイリ,7,場所-施設,-
先人,センジン,センジン,10,人,-
奥地,オクチ,オクチ,10,場所-その他,-
灯火,トウカ,トウカ,8,人工物-その他,-
下敷き,シタジキ,シタジキ,10,人工物-その他,-
鉢巻き,ハチマキ,ハチマキ,9,人工物-衣類,-
官房,カンボウ,カンボウ,10,組織・団体,-
血球,ケッキュウ,ケッキュウ,9,動物-部位,-
砂利,ジャリ,ジャリ,10,自然物,e
シェフ,シェフ,シェフ,7,人,-
初老,ショロウ,ショロウ,9,人;時間,-
権現,ゴンゲン,ゴンゲン,9,人,-
瓜,ツメ,ツメ,9,植物;人工物-食べ物,-
漁民,ギョミン,ギョミン,10,人,-
割れ目,ワレメ,ワレメ,8,場所-その他,e
蚯蚓,ミミズ,ミミズ,8,動物,-
ヤンキー,ヤンキー,ヤンキー,9,人,-
聖母,セイボ,セイボ,8,人,e
サイレン,サイレン,サイレン,9,人工物-その他,-
支流,シリュウ,シリュウ,10,場所-自然,-
深紅,シンク,シンク,9,色,-
椎茸,シイタケ,シイタケ,8,植物;人工物-食べ物,-
園長,エンチョウ,エンチョウ,8,人,-
坊や,ボウヤ,ボウヤ,9,人,-
分家,ブンケ,ブンケ,10,組織・団体;抽象物,-
物置,モノオキ,モノオキ,8,人工物-その他,-
晩餐,バンサン,バンサン,10,人工物-食べ物,-
商家,ショウカ,ショウカ,8,場所-施設,-
眉間,ミケン,ミケン,8,動物-部位,-
コスモス,コスモス,コスモス,10,植物,-
主食,シュショク,シュショク,10,人工物-食べ物,-
ギャラリー,ギャラリー,ギャラリー,9,場所-施設,-
大樹,タイジュ,タイジュ,9,植物,-
食い物,クイモノ,クイモノ,9,人工物-食べ物;抽象物,-
人妻,ヒトヅマ,ヒトヅマ,7,人,p
電柱,デンチュウ,デンチュウ,8,人工物-その他,-
重曹,ジュウソウ,ジュウソウ,9,自然物,-
港町,ミナトマチ,ミナトマチ,10,場所-その他,-
軍服,グンプク,グンプク,9,人工物-その他,-
工具,コウグ,コウグ,9,人工物-その他,e
ローラー,ローラー,ローラー,9,人工物-その他,-
銘々,メイメイ,メイメイ,8,人,-
援軍,エングン,エングン,9,組織・団体,-
カジノ,カジノ,カジノ,8,場所-施設,-
バッター,バッター,バッター,10,人,-
カルテ,カルテ,カルテ,8,人工物-その他,-
農園,ノウエン,ノウエン,8,場所-その他,-
強者,キョウシャ,キョウシャ,9,人,p
朝顔,アサガオ,アサガオ,9,植物,-
露天,ロテン,ロテン,9,場所-その他,-
売店,バイテン,バイテン,8,場所-施設,-
モザイク,モザイク,モザイク,10,人工物-その他;形・模様,-
印紙,インシ,インシ,7,人工物-その他,-
口先,クチサキ,クチサキ,10,動物-部位;抽象物,-
鰭,ヒレ,ヒレ,9,動物-部位,-
ベーコン,ベーコン,ベーコン,8,人工物-食べ物,-
出店,シュッテン,シュッテン,10,場所-施設,-
カヌー,カヌー,カヌー,10,人工物-乗り物,-
出入り口,デイリグチ,デイリグチ,9,場所-施設部位,-
教諭,キョウユ,キョウユ,9,人,e
レポーター,レポーター,レポーター,9,人,-
大海,タイカイ,タイカイ,9,場所-その他,-
コロッケ,コロッケ,コロッケ,9,人工物-食べ物,-
リモコン,リモコン,リモコン,8,人工物-その他,-
トレーナー,トレーナー,トレーナー,8,人,-
熱湯,ネットウ,ネットウ,9,自然物,-
養父,ヨウフ,ヨウフ,9,人,-
皇居,コウキョ,コウキョ,8,場所-施設,-
聾,ロウ,ロウ,9,人;抽象物,-
冷や汗,ヒヤアセ,ヒヤアセ,10,自然物,-
短冊,タンザク,タンザク,9,人工物-その他,-
ジーパン,ジーパン,ジーパン,8,人工物-衣類,-
スライス,スライス,スライス,7,人工物-その他;抽象物,-
島国,シマグニ,シマグニ,10,場所-その他,-
佃煮,ツクダニ,ツクダニ,9,人工物-食べ物,-
士族,シゾク,シゾク,9,組織・団体,-
鎌,カマ,カマ,10,人工物-その他,-
汽船,キセン,キセン,10,人工物-乗り物,-
ユニホーム,ユニホーム,ユニホーム,9,人工物-衣類,-
生け垣,イケガキ,イケガキ,10,場所-施設部位,-
団塊,ダンカイ,ダンカイ,10,人工物-その他,-
胃袋,イブクロ,イブクロ,9,動物-部位,-
車庫,シャコ,シャコ,10,場所-施設,-
国庫,コッコ,コッコ,9,場所-その他,-
杓子,シャクシ,シャクシ,10,人工物-その他,-
三脚,サンキャク,サンキャク,10,人工物-その他,-
罌粟,ケシ,ケシ,8,植物,-
蛇口,ジャグチ,ジャグチ,10,人工物-その他,-
花壇,カダン,カダン,8,場所-施設,-
シューズ,シューズ,シューズ,9,人工物-衣類,-
版画,ハンガ,ハンガ,8,人工物-その他;抽象物,-
帰路,キロ,キロ,10,場所-その他,-
数珠,ジュズ,ジュズ,9,人工物-その他,-
魚介,ギョカイ,ギョカイ,10,動物;人工物-食べ物,-
電鉄,デンテツ,デンテツ,9,人工物-乗り物,-
近道,チカミチ,チカミチ,9,場所-その他,-
撥,バチ,バチ,8,人工物-その他,-
火鉢,ヒバチ,ヒバチ,7,人工物-その他,-
日陰,ヒカゲ,ヒカゲ,9,場所-自然,-
天空,テンクウ,テンクウ,9,場所-自然,-
絵図,エズ,エズ,8,人工物-その他;抽象物,-
岩山,イワヤマ,イワヤマ,8,場所-自然,-
墓場,ハカバ,ハカバ,9,場所-その他,e
ビデオテープ,ビデオテープ,ビデオテープ,10,人工物-その他,-
脇腹,ワキバラ,ワキバラ,7,動物-部位,-
新米,シンマイ,シンマイ,10,植物;人工物-食べ物,-
隠れ家,カクレガ,カクレガ,8,場所-施設,e
草叢,クサムラ,クサムラ,8,場所-自然,-
うんこ,ウンコ,ウンコ,9,自然物,-
礎,イシズエ,イシズエ,10,自然物,-
煎餅,センベイ,センベイ,8,人工物-食べ物,-
聖者,セイジャ,セイジャ,9,人,e
仙人,センニン,センニン,10,人,-
外面,ソトヅラ,ソトヅラ,10,場所-その他,-
安物,ヤスモノ,ヤスモノ,8,人工物-その他,-
畦,アゼ,アゼ,8,場所-その他,-
目盛り,メモリ,メモリ,10,人工物-その他,-
農協,ノウキョウ,ノウキョウ,9,組織・団体,-
団長,ダンチョウ,ダンチョウ,8,人,-
アドバイザー,アドバイザー,アドバイザー,10,人,e
調度,チョウド,チョウド,9,人工物-その他,e
裸体,ラタイ,ラタイ,9,動物,-
壁画,ヘキガ,ヘキガ,9,人工物-その他;抽象物,-
矛,ホコ,ホコ,9,人工物-その他,-
貝殻,カイガラ,カイガラ,9,動物-部位,e
眉毛,マユゲ,マユゲ,7,動物-部位,-
カプセル,カプセル,カプセル,8,人工物-その他,-
本島,ホントウ,ホントウ,10,場所-その他,-
外套,ガイトウ,ガイトウ,8,人工物-衣類,-
国宝,コクホウ,コクホウ,10,人工物-その他,-
箍,タガ,タガ,8,人工物-その他,-
歯茎,ハグキ,ハグキ,9,動物-部位,-
車道,シャドウ,シャドウ,9,場所-施設,-
器械,キカイ,キカイ,8,人工物-その他,-
日誌,ニッシ,ニッシ,8,人工物-その他,-
ジャンパー,ジャンパー,ジャンパー,9,人工物-衣類,-
焼き物,ヤキモノ,ヤキモノ,10,人工物-その他,-
流派,リュウハ,リュウハ,9,組織・団体;抽象物,-
冷気,レイキ,レイキ,9,自然物,e
徳利,トックリ,トックリ,7,人工物-その他,-
別室,ベッシツ,ベッシツ,8,場所-施設,-
当直,トウチョク,トウチョク,8,人;抽象物,-
巨木,キョボク,キョボク,7,植物,-
恩人,オンジン,オンジン,8,人,-
瓢箪,ヒョウタン,ヒョウタン,7,植物,-
楊枝,ヨウジ,ヨウジ,10,人工物-その他,-
ヒーター,ヒーター,ヒーター,8,人工物-その他,-
薬缶,ヤカン,ヤカン,8,人工物-その他,-
車中,シャチュウ,シャチュウ,10,場所-その他,-
白木,シロキ,シロキ,8,人工物-その他,-
腎臓,ジンゾウ,ジンゾウ,8,動物-部位,e
摂政,セッショウ,セッショウ,8,人,-
和紙,ワシ,ワシ,9,人工物-その他,-
墓石,ハカイシ,ハカイシ,9,自然物,-
前庭,ゼンテイ,ゼンテイ,9,場所-施設,-
ライブラリー,ライブラリー,ライブラリー,10,場所-施設;抽象物,-
子女,シジョ,シジョ,8,人,-
地検,チケン,チケン,7,組織・団体,-
灌木,カンボク,カンボク,8,植物,-
張り紙,ハリガミ,ハリガミ,9,人工物-その他,e
天体,テンタイ,テンタイ,8,自然物,-
土蔵,ドゾウ,ドゾウ,8,場所-施設,-
野山,ノヤマ,ノヤマ,9,場所-自然,-
湯飲み,ユノミ,ユノミ,7,人工物-その他,-
寝具,シング,シング,8,人工物-その他,-
長兄,チョウケイ,チョウケイ,8,人,-
暖炉,ダンロ,ダンロ,7,人工物-その他,-
オアシス,オアシス,オアシス,10,場所-自然,-
書生,ショセイ,ショセイ,10,人,-
円盤,エンバン,エンバン,10,人工物-その他,-
淡水,タンスイ,タンスイ,10,自然物,-
山野,サンヤ,サンヤ,8,場所-自然,-
タイマー,タイマー,タイマー,9,人;人工物-その他,-
矛先,ホコサキ,ホコサキ,10,場所-その他,-
鶏肉,ケイニク,ケイニク,8,人工物-食べ物,-
局員,キョクイン,キョクイン,9,人,-
鰊,ニシン,ニシン,9,動物;人工物-食べ物,-
教壇,キョウダン,キョウダン,10,場所-その他,-
褌,フンドシ,フンドシ,9,人工物-衣類,-
牢獄,ロウゴク,ロウゴク,9,場所-施設,-
マスト,マスト,マスト,7,人工物-その他,-
便箋,ビンセン,ビンセン,9,人工物-その他,-
要人,ヨウジン,ヨウジン,10,人,-
台座,ダイザ,ダイザ,8,人工物-その他,-
式場,シキジョウ,シキジョウ,10,場所-施設,-
チャイム,チャイム,チャイム,7,人工物-その他,e
ウエーター,ウエーター,ウエーター,10,人,-
巾着,キンチャク,キンチャク,9,人工物-その他,-
貧民,ヒンミン,ヒンミン,10,人,-
陰影,インエイ,インエイ,10,場所-自然;抽象物,e
硫黄,イオウ,イオウ,9,自然物,-
湿原,シツゲン,シツゲン,9,場所-自然,-
空き缶,アキカン,アキカン,8,人工物-その他,-
彗星,スイセイ,スイセイ,9,自然物,-
天神,テンジン,テンジン,8,人,e
騎兵,キヘイ,キヘイ,7,人,-
プラットホーム,プラットホーム,プラットホーム,8,場所-施設,-
目高,メダカ,メダカ,7,動物,-
味醂,ミリン,ミリン,7,人工物-食べ物,-
山菜,サンサイ,サンサイ,9,植物;人工物-食べ物,-
精液,セイエキ,セイエキ,8,自然物,-
茶店,チャミセ,チャミセ,7,場所-施設,-
粘膜,ネンマク,ネンマク,7,動物-部位,-
村民,ソンミン,ソンミン,9,人,-
総菜,ソウザイ,ソウザイ,8,人工物-食べ物,-
表札,ヒョウサツ,ヒョウサツ,8,人工物-その他,-
ミイラ,ミイラ,ミイラ,8,人工物-その他,-
本道,ホンドウ,ホンドウ,9,場所-施設,-
乗員,ジョウイン,ジョウイン,8,人,-
焼き鳥,ヤキトリ,ヤキトリ,9,人工物-食べ物,-
節目,フシメ,フシメ,10,植物-部位;場所-その他,-
歯車,ハグルマ,ハグルマ,10,人工物-その他,-
連れ合い,ツレアイ,ツレアイ,7,人,-
私鉄,シテツ,シテツ,10,組織・団体;人工物-乗り物,-
精霊,セイレイ,セイレイ,7,人,p
義塾,ギジュク,ギジュク,10,組織・団体;場所-施設,-
水兵,スイヘイ,スイヘイ,7,人,-
局所,キョクショ,キョクショ,9,場所-その他,-
岸辺,キシベ,キシベ,8,場所-自然,-
クルー,クルー,クルー,8,人,-
塩基,エンキ,エンキ,7,自然物,-
ファーム,ファーム,ファーム,9,組織・団体;場所-その他,-
執権,シッケン,シッケン,7,人,-
冷水,レイスイ,レイスイ,10,自然物,e
花屋,ハナヤ,ハナヤ,8,組織・団体;場所-施設,-
シュー,シュー,シュー,9,人工物-食べ物,-
履き物,ハキモノ,ハキモノ,9,人工物-衣類,-
ソックス,ソックス,ソックス,8,人工物-衣類,-
毛糸,ケイト,ケイト,7,人工物-その他,-
水滴,スイテキ,スイテキ,8,自然物,-
洋画,ヨウガ,ヨウガ,9,人工物-その他;抽象物,-
空席,クウセキ,クウセキ,9,場所-その他,e
土産物,ミヤゲモノ,ミヤゲモノ,9,人工物-その他,-
鞠,マリ,マリ,9,人工物-その他,-
表通り,オモテドオリ,オモテドオリ,7,場所-その他,-
アーケード,アーケード,アーケード,9,場所-施設,-
ステンレス,ステンレス,ステンレス,8,自然物,-
クリニック,クリニック,クリニック,7,組織・団体;場所-施設,-
手綱,タヅナ,タヅナ,8,人工物-その他,-
幼年,ヨウネン,ヨウネン,10,人;時間,-
外野,ガイヤ,ガイヤ,8,場所-その他,-
縁者,エンジャ,エンジャ,9,人,-
遺骸,イガイ,イガイ,7,動物,-
小枝,コエダ,コエダ,9,植物-部位,-
岸壁,ガンペキ,ガンペキ,9,場所-自然,-
紋章,モンショウ,モンショウ,9,人工物-その他,e
金網,カナアミ,カナアミ,9,人工物-その他,-
宮司,グウジ,グウジ,8,人,-
文集,ブンシュウ,ブンシュウ,9,人工物-その他;抽象物,-
こめかみ,コメカミ,コメカミ,8,動物-部位,-
灯油,トウユ,トウユ,8,自然物,-
勤め先,ツトメサキ,ツトメサキ,9,場所-その他,-
セメント,セメント,セメント,10,人工物-その他,-
識者,シキシャ,シキシャ,10,人,-
噴水,フンスイ,フンスイ,8,人工物-その他,-
プロペラ,プロペラ,プロペラ,9,人工物-その他,-
ウエートレス,ウエートレス,ウエートレス,10,人,-
椿,ツバキ,ツバキ,7,植物,-
初版,ショハン,ショハン,10,人工物-その他,-
帆立,ホタテ,ホタテ,8,動物;人工物-食べ物,-
系図,ケイズ,ケイズ,8,人工物-その他,-
方位,ホウイ,ホウイ,9,場所-その他,e
刻印,コクイン,コクイン,8,人工物-その他,e
諸氏,ショシ,ショシ,10,人,-
ドーナツ,ドーナツ,ドーナツ,10,人工物-食べ物,-
ウエア,ウエア,ウエア,8,人工物-衣類,-
法皇,ホウオウ,ホウオウ,7,人,-
バルコニー,バルコニー,バルコニー,10,場所-施設部位,-
名手,メイシュ,メイシュ,8,人,p
豚カツ,トンカツ,トンカツ,7,人工物-食べ物,-
髄,ズイ,ズイ,10,動物-部位,-
石畳,イシダタミ,イシダタミ,7,場所-その他,-
雲丹,ウニ,ウニ,8,動物;人工物-食べ物,-
客人,キャクジン,キャクジン,9,人,-
裏庭,ウラニワ,ウラニワ,8,場所-施設部位,-
ファイバー,ファイバー,ファイバー,9,人工物-その他,-
古着,フルギ,フルギ,8,人工物-衣類,-
乗り場,ノリバ,ノリバ,9,場所-その他,-
目尻,メジリ,メジリ,7,動物-部位,-
簾,スダレ,スダレ,9,人工物-その他,-
ライフル,ライフル,ライフル,9,人工物-その他,-
関所,セキショ,セキショ,9,場所-施設,-
本命,ホンメイ,ホンメイ,9,人,e
呉服,ゴフク,ゴフク,8,人工物-その他,-
元凶,ゲンキョウ,ゲンキョウ,10,人;抽象物,-
絶壁,ゼッペキ,ゼッペキ,10,場所-自然,-
面前,メンゼン,メンゼン,10,場所-その他,-
議席,ギセキ,ギセキ,7,場所-施設部位,-
近海,キンカイ,キンカイ,10,場所-その他,-
先鋒,センポウ,センポウ,8,人,-
鋼,ハガネ,ハガネ,9,人工物-その他,-
宿屋,ヤドヤ,ヤドヤ,8,場所-施設,-
盥,タライ,タライ,9,人工物-その他,-
機材,キザイ,キザイ,8,人工物-その他,-
民宿,ミンシュク,ミンシュク,10,場所-施設,-
木箱,キバコ,キバコ,8,人工物-その他,-
女児,ジョジ,ジョジ,9,人,-
鳶,トビ,トビ,8,動物,-
前歯,マエバ,マエバ,8,動物-部位,-
上院,ジョウイン,ジョウイン,9,組織・団体;場所-施設,-
学徒,ガクト,ガクト,8,人,-
林道,リンドウ,リンドウ,9,場所-施設,-
ナトリウム,ナトリウム,ナトリウム,9,自然物,-
岩石,ガンセキ,ガンセキ,9,自然物,-
ドナー,ドナー,ドナー,9,人,-
史家,シカ,シカ,10,人,-
若葉,ワカバ,ワカバ,9,植物-部位,-
大奥,オオオク,オオオク,7,場所-その他,-
断面,ダンメン,ダンメン,10,場所-その他,-
原本,ゲンポン,ゲンポン,10,人工物-その他,-
横綱,ヨコヅナ,ヨコヅナ,9,人,-
胃腸,イチョウ,イチョウ,8,動物-部位,-
上巻,ジョウカン,ジョウカン,8,人工物-その他,-
両氏,リョウシ,リョウシ,8,人,-
フェンス,フェンス,フェンス,9,人工物-その他,-
農夫,ノウフ,ノウフ,8,人,-
黒船,クロフネ,クロフネ,9,人工物-乗り物,e
腹筋,フッキン,フッキン,7,動物-部位,-
蚕,カイコ,カイコ,8,動物,e
邦人,ホウジン,ホウジン,9,人,-
総統,ソウトウ,ソウトウ,8,人,-
商標,ショウヒョウ,ショウヒョウ,9,人工物-その他,-
教え子,オシエゴ,オシエゴ,10,人,-
肋骨,アバラボネ,アバラボネ,8,動物-部位,-
保母,ホボ,ホボ,8,人,-
シャベル,シャベル,シャベル,10,人工物-その他,-
打者,ダシャ,ダシャ,8,人,-
南洋,ナンヨウ,ナンヨウ,10,場所-その他,-
荷台,ニダイ,ニダイ,9,人工物-その他,-
紫陽花,アジサイ,アジサイ,8,植物,-
軒下,ノキシタ,ノキシタ,10,場所-施設部位,-
水溜まり,ミズタマリ,ミズタマリ,10,場所-自然,-
分譲,ブンジョウ,ブンジョウ,10,場所-施設;抽象物,-
腿,モモ,モモ,7,動物-部位,-
モスク,モスク,モスク,7,場所-施設,-
ピーマン,ピーマン,ピーマン,7,植物;人工物-食べ物,-
芳香,ホウコウ,ホウコウ,8,自然物,-
会所,カイショ,カイショ,7,場所-施設,-
ヒップ,ヒップ,ヒップ,8,動物-部位,-
弓矢,ユミヤ,ユミヤ,7,人工物-その他,-
白身,シロミ,シロミ,8,動物-部位,-
溶岩,ヨウガン,ヨウガン,7,自然物,-
工員,コウイン,コウイン,9,人,-
水車,スイシャ,スイシャ,9,人工物-その他,-
婦長,フチョウ,フチョウ,8,人,-
女帝,ジョテイ,ジョテイ,8,人,-
ケチャップ,ケチャップ,ケチャップ,8,人工物-食べ物,-
飼料,シリョウ,シリョウ,9,人工物-食べ物,-
民放,ミンポウ,ミンポウ,9,組織・団体;抽象物,-
水割り,ミズワリ,ミズワリ,8,人工物-食べ物,-
千鳥,チドリ,チドリ,8,動物,-
華僑,カキョウ,カキョウ,9,人,-
煤,スス,スス,9,自然物,e
海原,ウナバラ,ウナバラ,9,場所-その他,e
伴侶,ハンリョ,ハンリョ,9,人,e
居候,イソウロウ,イソウロウ,7,人,-
山の手,ヤマノテ,ヤマノテ,9,場所-その他,-
前衛,ゼンエイ,ゼンエイ,9,人,-
超人,チョウジン,チョウジン,10,人,p
黒色,コクショク,コクショク,10,色,-
袈裟,ケサ,ケサ,9,人工物-衣類,-
駅舎,エキシャ,エキシャ,7,場所-施設,-
杵,キネ,キネ,8,人工物-その他,-
シャトル,シャトル,シャトル,10,人工物-乗り物;人工物-その他,-
山椒,サンショウ,サンショウ,8,植物;人工物-食べ物,-
蛸焼き,タコヤキ,タコヤキ,8,人工物-食べ物,-
色紙,イロガミ,イロガミ,10,人工物-その他,-
私服,シフク,シフク,7,人工物-衣類,-
陶磁器,トウジキ,トウジキ,10,人工物-その他,-
荷車,ニグルマ,ニグルマ,8,人工物-乗り物,-
銀河,ギンガ,ギンガ,8,場所-自然,-
礁,ショウ,ショウ,10,自然物,-
菊花,キッカ,キッカ,8,植物-部位;形・模様,-
実父,ジップ,ジップ,9,人,-
象牙,ゾウゲ,ゾウゲ,9,動物-部位,-
ビスケット,ビスケット,ビスケット,8,人工物-食べ物,-
曲がり角,マガリカド,マガリカド,9,場所-その他,-
美男,ビナン,ビナン,9,人,p
高所,コウショ,コウショ,10,場所-その他,-
ピストン,ピストン,ピストン,9,人工物-その他,-
余白,ヨハク,ヨハク,9,人工物-その他,-
峡谷,キョウコク,キョウコク,10,場所-自然,-
左派,サハ,サハ,8,組織・団体,-
母校,ボコウ,ボコウ,10,場所-その他,-
側室,ソクシツ,ソクシツ,7,人,-
学童,ガクドウ,ガクドウ,9,人,-
沿海,エンカイ,エンカイ,9,場所-自然,-
砂地,スナジ,スナジ,8,場所-その他,-
社団,シャダン,シャダン,9,組織・団体,-
スチュワーデス,スチュワーデス,スチュワーデス,8,人,-
サウナ,サウナ,サウナ,7,人工物-その他,-
松原,マツバラ,マツバラ,7,場所-自然,-
レスラー,レスラー,レスラー,7,人,-
敵機,テキキ,テキキ,7,人工物-乗り物,-
宛て先,アテサキ,アテサキ,10,場所-その他,-
人里,ヒトザト,ヒトザト,9,場所-その他,-
枯れ葉,カレハ,カレハ,8,植物-部位,e
卵子,ランシ,ランシ,7,動物-部位,-
緑茶,リョクチャ,リョクチャ,8,人工物-食べ物,-
砂丘,サキュウ,サキュウ,8,場所-自然,-
目元,メモト,メモト,8,動物-部位,-
本流,ホンリュウ,ホンリュウ,10,組織・団体;場所-自然,-
円柱,エンチュウ,エンチュウ,8,人工物-その他,-
緑地,リョクチ,リョクチ,8,場所-その他,-
元祖,ガンソ,ガンソ,9,人,-
ハーバー,ハーバー,ハーバー,10,場所-施設,-
洋食,ヨウショク,ヨウショク,10,人工物-食べ物,-
禅師,ゼンジ,ゼンジ,7,人,-
桑,クワ,クワ,9,植物,-
養母,ヨウボ,ヨウボ,8,人,-
雉,キジ,キジ,7,動物,-
生協,セイキョウ,セイキョウ,10,組織・団体,-
床下,ユカシタ,ユカシタ,9,場所-施設部位,e
読本,トクホン,トクホン,9,人工物-その他;抽象物,-
塩漬け,シオヅケ,シオヅケ,9,人工物-食べ物;抽象物,-
水族,スイゾク,スイゾク,7,動物,-
切り札,キリフダ,キリフダ,10,人工物-その他;抽象物,-
パーキング,パーキング,パーキング,7,場所-施設,-
粟,アワ,アワ,9,植物,-
チーフ,チーフ,チーフ,10,人,-
松林,マツバヤシ,マツバヤシ,8,自然物,-
供物,クモツ,クモツ,7,人工物-その他,-
鉄橋,テッキョウ,テッキョウ,8,場所-施設,-
門外,モンガイ,モンガイ,9,場所-その他,-
秋刀魚,サンマ,サンマ,9,動物;人工物-食べ物,-
前列,ゼンレツ,ゼンレツ,7,場所-その他,-
党首,トウシュ,トウシュ,7,人,-
両岸,リョウガン,リョウガン,9,場所-自然,-
両人,リョウニン,リョウニン,8,人,-
琥珀,コハク,コハク,8,自然物,-
浅瀬,アサセ,アサセ,8,場所-自然,-
キャンバス,キャンバス,キャンバス,8,人工物-その他,-
踊り場,オドリバ,オドリバ,7,場所-施設部位,-
紙切れ,カミキレ,カミキレ,10,人工物-その他,-
納品,ノウヒン,ノウヒン,10,人工物-その他,-
木炭,モクタン,モクタン,9,自然物,-
目上,メウエ,メウエ,10,人,-
ギャル,ギャル,ギャル,10,人,-
先物,サキモノ,サキモノ,8,人工物-その他,-
庄屋,ショウヤ,ショウヤ,9,人,-
パット,パット,パット,8,人工物-その他;抽象物,-
長袖,ナガソデ,ナガソデ,7,人工物-衣類,-
獣医,ジュウイ,ジュウイ,9,人,-
単体,タンタイ,タンタイ,10,自然物,-
ぶらんこ,ブランコ,ブランコ,7,人工物-その他,-
すき焼き,スキヤキ,スキヤキ,7,人工物-食べ物,-
桃色,モモイロ,モモイロ,7,色,-
壇,ダン,ダン,9,人工物-その他,-
史跡,シセキ,シセキ,8,場所-その他,e
朝飯,アサメシ,アサメシ,8,人工物-食べ物,-
鼻先,ハナサキ,ハナサキ,10,動物-部位;場所-その他,-
快速,カイソク,カイソク,8,人工物-乗り物,p
露店,ロテン,ロテン,8,場所-施設,-
果汁,カジュウ,カジュウ,8,自然物,-
中葉,チュウヨウ,チュウヨウ,10,動物-部位;時間,-
溜め池,タメイケ,タメイケ,7,場所-その他,-
鉱物,コウブツ,コウブツ,10,自然物,e
元老,ゲンロウ,ゲンロウ,9,人,-
こく,コイ,コイ,8,場所-その他,p
楢,ナラ,ナラ,10,植物,-
芥子,カラシ,カラシ,9,植物,-
水源,スイゲン,スイゲン,10,場所-自然,e
同列,ドウレツ,ドウレツ,10,場所-その他,-
後妻,ゴサイ,ゴサイ,8,人,-
真鱈,マダラ,マダラ,10,動物;人工物-食べ物,-
鋳物,イモノ,イモノ,9,人工物-その他,-
県道,ケンドウ,ケンドウ,9,場所-施設,-
腹心,フクシン,フクシン,8,人,-
レタス,レタス,レタス,8,植物;人工物-食べ物,-
要衝,ヨウショウ,ヨウショウ,8,場所-その他,-
野獣,ヤジュウ,ヤジュウ,9,動物,-
全軍,ゼングン,ゼングン,7,組織・団体,-
位牌,イハイ,イハイ,7,人工物-その他,-
迷宮,メイキュウ,メイキュウ,9,場所-施設,-
茹で卵,ユデタマゴ,ユデタマゴ,8,人工物-食べ物,-
華人,カジン,カジン,7,人,-
カンパニー,カンパニー,カンパニー,9,組織・団体,-
ソーダ,ソーダ,ソーダ,9,人工物-食べ物;自然物,e
玄米,ゲンマイ,ゲンマイ,9,植物;人工物-食べ物,-
腱,ケン,ケン,8,動物-部位,-
客船,キャクセン,キャクセン,9,人工物-乗り物,-
菜園,サイエン,サイエン,7,場所-その他,-
出先,デサキ,デサキ,10,場所-その他,-
華族,カゾク,カゾク,9,組織・団体,-
オーケストラ,オーケストラ,オーケストラ,9,組織・団体,-
年報,ネンポウ,ネンポウ,8,人工物-その他;抽象物,e
黄金色,コガネイロ,コガネイロ,8,色,-
番人,バンニン,バンニン,10,人,-
読み物,ヨミモノ,ヨミモノ,9,人工物-その他;抽象物,-
メス,メス,メス,8,人工物-その他,-
ペンギン,ペンギン,ペンギン,8,動物,-
低地,テイチ,テイチ,9,場所-その他,-
名産,メイサン,メイサン,10,人工物-その他,-
イタリアン,イタリアン,イタリアン,10,人工物-食べ物;抽象物,-
首領,シュリョウ,シュリョウ,7,人,-
バイキング,バイキング,バイキング,9,人,-
花形,ハナガタ,ハナガタ,9,人,-
跡継ぎ,アトツギ,アトツギ,9,人,-
アルミニウム,アルミニウム,アルミニウム,8,自然物,-
スタンプ,スタンプ,スタンプ,10,人工物-その他,-
故国,ココク,ココク,9,場所-その他,-
実母,ジツボ,ジツボ,8,人,-
合作,ガッサク,ガッサク,10,人工物-その他;抽象物,-
ココア,ココア,ココア,8,人工物-食べ物,e
母艦,ボカン,ボカン,9,人工物-乗り物,-
ブレンド,ブレンド,ブレンド,8,人工物-食べ物;抽象物,-
両軍,リョウグン,リョウグン,9,組織・団体,-
売り手,ウリテ,ウリテ,10,人,-
楽譜,ガクフ,ガクフ,7,人工物-その他;抽象物,-
引き戸,ヒキド,ヒキド,8,場所-施設,-
上り坂,ノボリザカ,ノボリザカ,9,場所-その他,-
鉄筋,テッキン,テッキン,10,人工物-その他,-
円筒,エントウ,エントウ,8,人工物-その他,-
ペースト,ペースト,ペースト,7,人工物-食べ物,-
鋼鉄,コウテツ,コウテツ,9,人工物-その他,-
四隅,ヨスミ,ヨスミ,9,場所-その他,-
ボウル,ボウル,ボウル,8,人工物-その他,-
中元,チュウゲン,チュウゲン,8,人工物-その他,-
医大,イダイ,イダイ,8,組織・団体;場所-施設,-
訳者,ヤクシャ,ヤクシャ,9,人,-
モンスター,モンスター,モンスター,9,人,e
スナップ,スナップ,スナップ,8,人工物-その他,-
渚,ナギサ,ナギサ,8,場所-自然,-
楽団,ガクダン,ガクダン,9,組織・団体,-
上官,ジョウカン,ジョウカン,8,人,-
名札,ナフダ,ナフダ,9,人工物-その他,-
大社,タイシャ,タイシャ,7,場所-施設,-
魚類,ギョルイ,ギョルイ,9,動物,-
戦地,センチ,センチ,10,場所-その他,-
班長,ハンチョウ,ハンチョウ,8,人,-
空き家,アキヤ,アキヤ,10,場所-施設,-
ストロー,ストロー,ストロー,9,人工物-その他,-
湿布,シップ,シップ,8,人工物-その他;抽象物,-
干物,ヒモノ,ヒモノ,8,人工物-食べ物,-
果樹,カジュ,カジュ,8,植物,-
ユニオン,ユニオン,ユニオン,9,組織・団体,-
雇い主,ヤトイヌシ,ヤトイヌシ,9,人,-
ミニチュア,ミニチュア,ミニチュア,10,人工物-その他,-
スプリング,スプリング,スプリング,10,人工物-その他,-
キャスト,キャスト,キャスト,8,人,-
白金,ハッキン,ハッキン,8,自然物,-
野鳥,ヤチョウ,ヤチョウ,7,動物,e
用具,ヨウグ,ヨウグ,9,人工物-その他,-
スコップ,スコップ,スコップ,8,人工物-その他,-
軌,キ,キ,9,人工物-その他;抽象物,-
髷,マゲ,マゲ,7,動物-部位,-
軟膏,ナンコウ,ナンコウ,7,人工物-その他,-
割り箸,ワリバシ,ワリバシ,8,人工物-その他,-
鳥類,チョウルイ,チョウルイ,10,動物,-
風車,カザグルマ,カザグルマ,8,人工物-その他,-
沢庵,タクアン,タクアン,8,人工物-食べ物,-
電卓,デンタク,デンタク,9,人工物-その他,-
秤,ハカリ,ハカリ,10,人工物-その他,-
ハンドバッグ,ハンドバッグ,ハンドバッグ,8,人工物-その他,-
溶液,ヨウエキ,ヨウエキ,9,人工物-その他,-
真顔,マガオ,マガオ,7,動物-部位,-
ハードウェア,ハードウェア,ハードウェア,9,人工物-その他,-
ブラインド,ブラインド,ブラインド,8,人工物-その他,-
素足,スアシ,スアシ,8,動物-部位,-
半袖,ハンソデ,ハンソデ,9,人工物-衣類,e
喪服,モフク,モフク,7,人工物-衣類,-
積み荷,ツミニ,ツミニ,9,人工物-その他,-
同室,ドウシツ,ドウシツ,8,場所-施設,-
度肝,ドギモ,ドギモ,9,動物-部位,-
社寺,シャジ,シャジ,9,場所-施設,-
露地,ロジ,ロジ,8,場所-施設,-
宿場,シュクバ,シュクバ,7,場所-施設,-
足腰,アシコシ,アシコシ,9,動物-部位,-
手下,テシタ,テシタ,8,人,e
下巻,ゲカン,ゲカン,7,人工物-その他,-
名士,メイシ,メイシ,10,人,-
遊び場,アソビバ,アソビバ,10,場所-その他,-
水気,ミズケ,ミズケ,8,自然物,e
孤島,コトウ,コトウ,9,場所-自然,-
小銃,ショウジュウ,ショウジュウ,8,人工物-その他,-
隣室,リンシツ,リンシツ,8,場所-施設,-
布地,ヌノジ,ヌノジ,9,人工物-その他,-
皮質,ヒシツ,ヒシツ,9,動物-部位,-
食塩,ショクエン,ショクエン,8,人工物-食べ物,-
私物,シブツ,シブツ,9,人工物-その他,-
北海,ホッカイ,ホッカイ,9,場所-その他,-
離宮,リキュウ,リキュウ,7,場所-施設,-
古老,コロウ,コロウ,7,人,-
働き者,ハタラキモノ,ハタラキモノ,10,人,-
浴場,ヨクジョウ,ヨクジョウ,8,場所-施設,-
河畔,カハン,カハン,10,場所-自然,-
膝元,ヒザモト,ヒザモト,9,場所-その他,-
胎内,タイナイ,タイナイ,9,動物-部位,e
ウール,ウール,ウール,10,人工物-その他,-
蜆,シジミ,シジミ,8,動物;人工物-食べ物,-
大隊,ダイタイ,ダイタイ,7,組織・団体,-
扇子,センス,センス,7,人工物-その他,-
山寺,ヤマデラ,ヤマデラ,7,場所-施設,-
雑炊,ゾウスイ,ゾウスイ,7,人工物-食べ物,-
部局,ブキョク,ブキョク,10,組織・団体;場所-その他,-
客間,キャクマ,キャクマ,9,場所-施設,-
独房,ドクボウ,ドクボウ,7,場所-施設,-
イヤリング,イヤリング,イヤリング,9,人工物-衣類,-
鱈,タラ,タラ,7,動物;人工物-食べ物,-
離島,リトウ,リトウ,9,場所-自然,-
関門,カンモン,カンモン,10,場所-施設,e
雪国,ユキグニ,ユキグニ,7,場所-その他,-
品々,シナジナ,シナジナ,8,人工物-その他,-
級友,キュウユウ,キュウユウ,9,人,-
着衣,チャクイ,チャクイ,8,人工物-衣類,-
新緑,シンリョク,シンリョク,8,色,p
串,クシ,クシ,8,人工物-その他,-
軍医,グンイ,グンイ,9,人,-
王族,オウゾク,オウゾク,9,組織・団体,p
ボーイフレンド,ボーイフレンド,ボーイフレンド,8,人,-
ハザード,ハザード,ハザード,10,人工物-その他;抽象物,-
公司,コウシ,コウシ,8,組織・団体;場所-施設,-
煮干し,ニボシ,ニボシ,9,人工物-食べ物,-
祖,オヤ,オヤ,7,人,-
錫,スズ,スズ,9,自然物,-
裾野,スソノ,スソノ,10,場所-自然,-
欄干,ランカン,ランカン,7,場所-施設部位,-
曲者,クセモノ,クセモノ,9,人,-
地底,チテイ,チテイ,9,場所-自然,-
ジョイント,ジョイント,ジョイント,9,人工物-その他;抽象物,-
外気,ガイキ,ガイキ,7,自然物,-
サポーター,サポーター,サポーター,7,人工物-その他,e
衆生,シュジョウ,シュジョウ,7,人;動物;植物;抽象物,e
チョコ,チョコ,チョコ,7,人工物-食べ物,-
産婆,サンバ,サンバ,7,人,-
先達,センダツ,センダツ,7,人,e
急所,キュウショ,キュウショ,8,場所-その他,-
網膜,モウマク,モウマク,10,動物-部位,-
都民,トミン,トミン,9,人,-
辞表,ジヒョウ,ジヒョウ,8,人工物-その他,-
県庁,ケンチョウ,ケンチョウ,9,組織・団体;場所-施設,-
持ち家,モチイエ,モチイエ,7,場所-施設;抽象物,-
皇女,オウジョ,オウジョ,7,人,-
果,カ,カ,10,植物;人工物-その他,e
マンモス,マンモス,マンモス,10,動物,-
チェリー,チェリー,チェリー,8,植物;人工物-食べ物,-
古人,コジン,コジン,7,人,-
上座,ジョウザ,ジョウザ,7,場所-施設部位,-
景品,ケイヒン,ケイヒン,9,人工物-その他,p
庭木,ニワキ,ニワキ,9,植物,-
藻,モ,モ,9,植物,-
莢,サヤ,サヤ,10,植物-部位,-
ジープ,ジープ,ジープ,7,人工物-乗り物,-
燭台,ショクダイ,ショクダイ,8,人工物-その他,-
萌やし,モヤシ,モヤシ,7,植物;人工物-食べ物,-
渓流,ケイリュウ,ケイリュウ,8,場所-自然,-
壮年,ソウネン,ソウネン,9,人;時間,-
凡人,ボンジン,ボンジン,10,人,-
愛犬,アイケン,アイケン,7,動物,-
船乗り,フナノリ,フナノリ,7,人,-
馬場,ババ,ババ,7,場所-施設,-
鰐,ワニ,ワニ,7,動物,-
目鼻,メハナ,メハナ,7,動物-部位,-
棺桶,カンオケ,カンオケ,8,人工物-その他,-
内野,ナイヤ,ナイヤ,8,場所-その他,-
苑,エン,エン,9,場所-その他,-
磁場,ジバ,ジバ,9,場所-その他,-
林野,リンヤ,リンヤ,9,場所-自然,-
奥歯,オクバ,オクバ,7,動物-部位,-
山水,サンスイ,サンスイ,8,場所-自然,-
大麻,タイマ,タイマ,8,植物;人工物-食べ物,-
水筒,スイトウ,スイトウ,8,人工物-その他,-
流水,リュウスイ,リュウスイ,10,自然物,-
豪邸,ゴウテイ,ゴウテイ,9,場所-施設,-
夜道,ヨミチ,ヨミチ,8,場所-その他,-
湖水,コスイ,コスイ,9,自然物,-
成金,ナリキン,ナリキン,10,人工物-その他,-
波布,ハブ,ハブ,8,動物,-
船底,フナゾコ,フナゾコ,8,場所-その他,-
山里,ヤマザト,ヤマザト,7,場所-その他,-
固唾,カタズ,カタズ,9,自然物,-
控え室,ヒカエシツ,ヒカエシツ,8,場所-施設,-
盲人,モウジン,モウジン,10,人,-
陰茎,インケイ,インケイ,7,動物-部位,-
娑婆,シャバ,シャバ,9,場所-その他,-
足先,アシサキ,アシサキ,8,動物-部位,-
校門,コウモン,コウモン,9,場所-施設,-
夜食,ヤショク,ヤショク,8,人工物-食べ物,-
艦艇,カンテイ,カンテイ,7,人工物-乗り物,-
スキン,スキン,スキン,9,動物-部位,-
仲人,ナコウド,ナコウド,8,人,p
羽毛,ウモウ,ウモウ,7,動物-部位,-
バスト,バスト,バスト,7,動物-部位,-
置き場,オキバ,オキバ,8,場所-その他,-
半紙,ハンシ,ハンシ,9,人工物-その他,-
采配,サイハイ,サイハイ,7,人工物-その他,-
硫酸,リュウサン,リュウサン,8,自然物,-
助役,ジョヤク,ジョヤク,8,人,-
公道,コウドウ,コウドウ,10,場所-施設,-
親元,オヤモト,オヤモト,8,場所-その他,-
方丈,ホウジョウ,ホウジョウ,7,場所-施設;数量,-
卵巣,ランソウ,ランソウ,7,動物-部位,-
定規,ジョウギ,ジョウギ,10,人工物-その他,-
末っ子,スエッコ,スエッコ,7,人,-
フロッピー,フロッピー,フロッピー,8,人工物-その他,-
バッジ,バッジ,バッジ,8,人工物-その他,-
踏み台,フミダイ,フミダイ,7,人工物-その他,-
師弟,シテイ,シテイ,9,組織・団体,-
振り子,フリコ,フリコ,9,人工物-その他,-
岩場,イワバ,イワバ,8,場所-その他,-
甲羅,コウラ,コウラ,7,動物-部位,-
石ころ,イシコロ,イシコロ,8,自然物,-
地べた,ジベタ,ジベタ,10,場所-その他,-
ホープ,ホープ,ホープ,8,人;抽象物,-
樅,モミ,モミ,9,植物,-
スパイス,スパイス,スパイス,9,人工物-食べ物,-
鉈,ナタ,ナタ,7,人工物-その他,e
坩堝,ルツボ,ルツボ,10,人工物-その他,-
図鑑,ズカン,ズカン,9,人工物-その他;抽象物,-
ミュージアム,ミュージアム,ミュージアム,9,場所-施設,-
使徒,シト,シト,8,人,-
小魚,コザカナ,コザカナ,8,人工物-食べ物,-
リンパ,リンパ,リンパ,8,動物-部位,-
足袋,タビ,タビ,9,人工物-衣類,e
バトン,バトン,バトン,9,人工物-その他,-
外郭,ガイカク,ガイカク,8,場所-施設部位,-
セロハン,セロハン,セロハン,8,人工物-その他,-
石碑,セキヒ,セキヒ,7,人工物-その他,-
脊椎,セキツイ,セキツイ,8,動物-部位,-
女医,ジョイ,ジョイ,7,人,-
深海,シンカイ,シンカイ,8,場所-自然,-
湖面,コメン,コメン,7,場所-その他,-
ボイラー,ボイラー,ボイラー,8,人工物-その他,-
万人,バンニン,バンニン,9,人,-
袋小路,フクロコウジ,フクロコウジ,9,場所-その他,e
背面,ハイメン,ハイメン,9,場所-その他,-
歌集,カシュウ,カシュウ,7,人工物-その他,-
クリップ,クリップ,クリップ,7,人工物-その他,-
ちんぴら,チンピラ,チンピラ,7,人,-
先陣,センジン,センジン,8,組織・団体,-
深淵,シンエン,シンエン,9,場所-自然,-
逃げ場,ニゲバ,ニゲバ,8,場所-その他,-
門戸,モンコ,モンコ,9,場所-施設部位;抽象物,-
亜鉛,アエン,アエン,9,自然物,-
肩身,カタミ,カタミ,9,動物-部位,-
路傍,ロボウ,ロボウ,7,場所-その他,-
ナイロン,ナイロン,ナイロン,9,人工物-その他,-
団員,ダンイン,ダンイン,9,人,-
海女,アマ,アマ,8,人,-
市井,シセイ,シセイ,8,場所-その他,-
大山,タイザン,タイザン,8,場所-自然,-
テナント,テナント,テナント,9,人,-
ピアニスト,ピアニスト,ピアニスト,9,人,e
ヘロイン,ヘロイン,ヘロイン,7,人工物-その他,-
水鳥,ミズトリ,ミズトリ,8,動物,e
敵国,テキコク,テキコク,8,場所-その他,-
谷底,タニソコ,タニソコ,7,場所-自然,-
薬指,クスリユビ,クスリユビ,9,動物-部位,-
ボクサー,ボクサー,ボクサー,9,人,-
御輿,ミコシ,ミコシ,8,人工物-乗り物,-
畝,ウネ,ウネ,8,場所-その他,-
わん,ワン,ワン,7,人工物-その他,-
炭火,スミビ,スミビ,7,自然物,-
本隊,ホンタイ,ホンタイ,7,組織・団体,-
帆船,ホブネ,ホブネ,8,人工物-乗り物,-
路頭,ロトウ,ロトウ,9,場所-その他,-
紙屑,カミクズ,カミクズ,9,人工物-その他,-
木馬,モクバ,モクバ,7,人工物-その他,-
エキスパート,エキスパート,エキスパート,10,人,p
山腹,サンプク,サンプク,7,場所-自然,-
氷山,ヒョウザン,ヒョウザン,10,自然物,-
折り紙,オリガミ,オリガミ,8,人工物-その他,p
寝顔,ネガオ,ネガオ,8,動物-部位,-
持ち場,モチバ,モチバ,10,場所-その他,-
宴席,エンセキ,エンセキ,9,場所-その他,-
短刀,タントウ,タントウ,7,人工物-その他,-
城郭,ジョウカク,ジョウカク,8,場所-施設,-
雁,カリ,カリ,7,動物,-
船上,センジョウ,センジョウ,9,場所-その他,-
駅員,エキイン,エキイン,8,人,-
スカーフ,スカーフ,スカーフ,9,人工物-衣類,-
強国,キョウコク,キョウコク,9,場所-その他,-
編者,ヘンシャ,ヘンシャ,8,人,-
バイパス,バイパス,バイパス,9,場所-施設,-
ミキサー,ミキサー,ミキサー,8,人工物-その他,-
重鎮,ジュウチン,ジュウチン,9,人,-
脇道,ワキミチ,ワキミチ,8,場所-その他,-
キャラメル,キャラメル,キャラメル,8,人工物-食べ物,-
直腸,チョクチョウ,チョクチョウ,8,動物-部位,-
ブレーン,ブレーン,ブレーン,8,人,-
麺類,メンルイ,メンルイ,8,人工物-食べ物,-
蛆,ウジ,ウジ,7,動物,-
下界,カカイ,カカイ,7,場所-その他,-
でこ,デコ,デコ,7,人工物-その他,-
騎手,キシュ,キシュ,7,人,-
居室,キョシツ,キョシツ,8,場所-施設,-
他家,タケ,タケ,8,場所-施設,-
割烹,カッポウ,カッポウ,8,場所-施設,-
漁村,ギョソン,ギョソン,9,場所-その他,e
長髪,チョウハツ,チョウハツ,7,動物-部位,-
裏通り,ウラドオリ,ウラドオリ,7,場所-その他,-
バーベキュー,バーベキュー,バーベキュー,7,人工物-食べ物,-
跡取り,アトトリ,アトトリ,8,人,-
セラミック,セラミック,セラミック,8,自然物,-
植え込み,ウエコミ,ウエコミ,7,場所-その他,-
コンパス,コンパス,コンパス,8,人工物-その他,-
貨車,カシャ,カシャ,8,人工物-乗り物,-
白銀,ハクギン,ハクギン,8,自然物,-
盛り場,サカリバ,サカリバ,9,場所-その他,-
襷,タスキ,タスキ,8,人工物-その他,-
本邦,ホンポウ,ホンポウ,9,場所-その他,-
カルタ,カルタ,カルタ,9,人工物-その他,-
後宮,コウキュウ,コウキュウ,7,場所-施設,-
肌身,ハダミ,ハダミ,8,動物-部位,-
星空,ホシゾラ,ホシゾラ,7,場所-自然,p
耳朶,ジダ,ジダ,7,動物-部位,-
胸部,キョウブ,キョウブ,10,動物-部位,-
器物,キブツ,キブツ,7,人工物-その他,-
懐石,カイセキ,カイセキ,9,人工物-食べ物,-
巨体,キョタイ,キョタイ,9,動物,-
荒れ地,アレチ,アレチ,9,場所-その他,-
豆乳,トウニュウ,トウニュウ,7,人工物-食べ物;自然物,-
幟,ノボル,ノボル,9,人工物-その他,-
書棚,ショダナ,ショダナ,9,人工物-その他;場所-施設部位,-
柏,カシワ,カシワ,8,植物,-
施主,セシュ,セシュ,7,人,-
古都,コト,コト,8,場所-その他,-
ブティック,ブティック,ブティック,10,場所-施設,-
紺色,コンイロ,コンイロ,7,色,-
背凭れ,セモタレ,セモタレ,7,人工物-その他,-
明星,ミョウジョウ,ミョウジョウ,9,自然物,-
薬屋,クスリヤ,クスリヤ,7,場所-施設,-
ディスコ,ディスコ,ディスコ,9,場所-施設,-
痛み止め,イタミドメ,イタミドメ,7,人工物-その他,-
ロータリー,ロータリー,ロータリー,8,場所-施設,-
虱,シラミ,シラミ,9,動物,-
気体,キタイ,キタイ,8,自然物,-
園児,エンジ,エンジ,9,人,-
大関,オオゼキ,オオゼキ,8,人,-
清流,セイリュウ,セイリュウ,10,場所-自然,p
偉人,イジン,イジン,9,人,p
竜王,リュウオウ,リュウオウ,7,人,-
山並み,ヤマナミ,ヤマナミ,8,場所-自然,-
飼い犬,カイイヌ,カイイヌ,8,動物,-
宿直,シュクチョク,シュクチョク,8,人;抽象物,-
硯,スズリ,スズリ,7,人工物-その他,-
ミント,ミント,ミント,8,植物;人工物-食べ物,-
遍羅,ベラ,ベラ,7,動物,-
狩人,カリュウド,カリュウド,8,人,-
静脈,ジョウミャク,ジョウミャク,8,動物-部位,-
機微,キビ,キビ,8,植物,-
鼓膜,コマク,コマク,8,動物-部位,-
開祖,カイソ,カイソ,9,人,-
嬰児,ミドリゴ,ミドリゴ,8,人,-
ピーナッツ,ピーナッツ,ピーナッツ,10,植物-部位;人工物-食べ物,-
ボーカル,ボーカル,ボーカル,7,人;抽象物,-
衆院,シュウイン,シュウイン,7,組織・団体,-
抹茶,マッチャ,マッチャ,8,人工物-食べ物,-
洗い場,アライバ,アライバ,9,場所-施設部位,-
ビキニ,ビキニ,ビキニ,7,人工物-衣類,-
ブリキ,ブリキ,ブリキ,8,人工物-その他,-
駅弁,エキベン,エキベン,9,人工物-食べ物,-
油絵,アブラエ,アブラエ,9,人工物-その他;抽象物,-
ダミー,ダミー,ダミー,8,人工物-その他,-
紫蘇,シソ,シソ,8,植物;人工物-食べ物,-
塗料,トリョウ,トリョウ,7,人工物-その他,e
ヒューズ,ヒューズ,ヒューズ,10,人工物-その他,-
オルゴール,オルゴール,オルゴール,7,人工物-その他,-
卵焼き,タマゴヤキ,タマゴヤキ,7,人工物-食べ物,-
上水,ジョウスイ,ジョウスイ,10,人工物-その他,-
糸瓜,ヘチマ,ヘチマ,8,植物,-
赤毛,アカゲ,アカゲ,8,動物-部位,-
サーキット,サーキット,サーキット,7,場所-施設,-
眼中,ガンチュウ,ガンチュウ,9,場所-その他,-
書庫,ショコ,ショコ,9,場所-施設,-
歳暮,セイボ,セイボ,8,人工物-その他,-
旗手,キシュ,キシュ,9,人,e
板前,イタマエ,イタマエ,8,人,-
艦船,カンセン,カンセン,8,人工物-乗り物,-
針路,シンロ,シンロ,7,場所-その他,-
領分,リョウブン,リョウブン,9,場所-その他,-
金貸し,カネカシ,カネカシ,9,人,-
孔雀,クジャク,クジャク,8,動物,-
善人,ゼンニン,ゼンニン,9,人,-
草地,クサチ,クサチ,7,場所-自然,-
細道,ホソミチ,ホソミチ,8,場所-その他,-
区長,クチョウ,クチョウ,9,人,-
ヒロイン,ヒロイン,ヒロイン,8,人,e
行員,コウイン,コウイン,7,人,-
挽き肉,ヒキニク,ヒキニク,8,人工物-食べ物,-
一堂,イチドウ,イチドウ,9,場所-その他,-
観衆,カンシュウ,カンシュウ,8,人,p
モルヒネ,モルヒネ,モルヒネ,9,人工物-その他,-
体液,タイエキ,タイエキ,7,自然物,e
社殿,シャデン,シャデン,7,場所-施設,-
異邦,イホウ,イホウ,8,場所-その他,-
雑煮,ゾウニ,ゾウニ,7,人工物-食べ物,-
藍,アイ,アイ,10,植物,-
各紙,カクシ,カクシ,10,組織・団体,-
売れっ子,ウレッコ,ウレッコ,9,人,-
図版,ズハン,ズハン,8,人工物-その他;抽象物,-
トースター,トースター,トースター,7,人工物-その他,-
生塵,ナマゴミ,ナマゴミ,7,人工物-その他,-
海藻,カイソウ,カイソウ,7,植物;人工物-食べ物,-
ハンマー,ハンマー,ハンマー,9,人工物-その他,e
下院,カイン,カイン,8,組織・団体;場所-施設,-
香炉,コウロ,コウロ,7,人工物-その他,-
落ち葉,オチバ,オチバ,9,植物-部位,-
切り身,キリミ,キリミ,7,人工物-食べ物,-
ゼネコン,ゼネコン,ゼネコン,8,組織・団体,-
作り手,ツクリテ,ツクリテ,10,人,-
王冠,オウカン,オウカン,7,人工物-衣類,-
願書,ガンショ,ガンショ,9,人工物-その他,-
金物,カナモノ,カナモノ,9,人工物-その他,-
茣蓙,ゴザ,ゴザ,8,人工物-その他,-
穂先,ホサキ,ホサキ,8,植物-部位,-
埠頭,フトウ,フトウ,7,場所-施設,-
卓上,タクジョウ,タクジョウ,9,場所-その他,-
烏帽子,エボシ,エボシ,7,人工物-衣類,-
原典,ゲンテン,ゲンテン,10,人工物-その他;抽象物,-
合金,ゴウキン,ゴウキン,10,自然物,-
浄水,ジョウスイ,ジョウスイ,9,自然物,-
神棚,カミダナ,カミダナ,8,場所-施設部位,-
骨髄,コツズイ,コツズイ,9,動物-部位,-
パイオニア,パイオニア,パイオニア,8,人,p
べた,ベタ,ベタ,8,植物-部位,-
肉屋,ニクヤ,ニクヤ,7,組織・団体,-
鉄分,テツブン,テツブン,7,自然物,-
沼地,ヌマチ,ヌマチ,8,場所-自然,-
石膏,セッコウ,セッコウ,8,人工物-その他,-
水際,ミズギワ,ミズギワ,9,場所-自然,-
暗鬼,アンキ,アンキ,10,人;抽象物,-
鉄鉱,テッコウ,テッコウ,9,自然物,-
アウトドア,アウトドア,アウトドア,8,場所-その他,e
水底,スイテイ,スイテイ,8,場所-自然,-
ファミコン,ファミコン,ファミコン,7,人工物-その他,-
布巾,フキン,フキン,7,人工物-その他,-
地所,ジショ,ジショ,7,場所-その他,-
行間,ギョウカン,ギョウカン,10,場所-その他,-
遊郭,ユウカク,ユウカク,8,場所-施設,-
産品,サンヒン,サンヒン,8,人工物-その他,-
白日,ハクジツ,ハクジツ,7,自然物,-
建て売り,タテウリ,タテウリ,10,場所-施設;抽象物,-
裏山,ウラヤマ,ウラヤマ,8,場所-自然,-
日雇い,ヒヤトイ,ヒヤトイ,8,人;抽象物,-
海浜,カイヒン,カイヒン,10,場所-自然,-
目薬,メグスリ,メグスリ,8,人工物-その他,-
焼き蕎麦,ヤキソバ,ヤキソバ,7,人工物-食べ物,-
稚児,チゴ,チゴ,7,人,-
アース,アース,アース,7,人工物-その他,-
通り道,トオリミチ,トオリミチ,10,場所-その他,-
行者,ギョウジャ,ギョウジャ,7,人,-
幼子,オサナゴ,オサナゴ,7,人,-
仏閣,ブッカク,ブッカク,8,場所-施設,-
軒先,ノキサキ,ノキサキ,9,場所-その他,-
茨,イバラ,イバラ,8,植物,-
無色,ムショク,ムショク,9,色,-
カリウム,カリウム,カリウム,7,自然物,-
喉元,ノドモト,ノドモト,8,動物-部位,-
肌着,ハダギ,ハダギ,8,人工物-衣類,-
地場,ジバ,ジバ,9,場所-その他,-
岩礁,ガンショウ,ガンショウ,7,自然物,-
継母,ママハハ,ママハハ,7,人,-
水門,スイモン,スイモン,9,場所-施設,-
主事,シュジ,シュジ,9,人,-
氏神,ウジガミ,ウジガミ,7,人,e
左岸,サガン,サガン,10,場所-自然,-
盟友,メイユウ,メイユウ,8,人,-
サリン,サリン,サリン,8,人工物-その他,-
新手,アラテ,アラテ,9,人,-
パンダ,パンダ,パンダ,8,動物,-
県境,ケンザカイ,ケンザカイ,10,場所-その他,-
ブース,ブース,ブース,10,場所-施設部位,-
塩素,エンソ,エンソ,8,自然物,-
局部,キョクブ,キョクブ,10,動物-部位;場所-機能,-
刀剣,トウケン,トウケン,7,人工物-その他,-
口腔,コウコウ,コウコウ,7,動物-部位,-
ブイ,ブイ,ブイ,7,人工物-その他,-
横道,オウドウ,オウドウ,9,場所-施設,-
坑道,コウドウ,コウドウ,8,場所-施設,-
鉱石,コウセキ,コウセキ,10,自然物,-
刷毛,ハケ,ハケ,7,人工物-その他,-
ファスナー,ファスナー,ファスナー,7,人工物-その他,-
ゴースト,ゴースト,ゴースト,7,人,e
デッサン,デッサン,デッサン,9,人工物-その他;抽象物,-
火種,ヒダネ,ヒダネ,10,自然物,-
オルガン,オルガン,オルガン,9,人工物-その他,-
主務,シュム,シュム,8,人;抽象物,-
フェルト,フェルト,フェルト,8,人工物-その他,-
城跡,ジョウセキ,ジョウセキ,7,場所-その他,-
植栽,ショクサイ,ショクサイ,7,人工物-その他,-
水草,ミズクサ,ミズクサ,8,植物,-
学区,ガック,ガック,8,場所-その他,-
婦女,フジョ,フジョ,7,人,-
竹藪,タケヤブ,タケヤブ,7,場所-自然,-
ランドセル,ランドセル,ランドセル,8,人工物-その他,-
目頭,メガシラ,メガシラ,8,動物-部位,-
触手,ショクシュ,ショクシュ,7,動物-部位,-
砲火,ホウカ,ホウカ,7,自然物,-
裏方,ウラカタ,ウラカタ,9,人,-
座長,ザチョウ,ザチョウ,9,人,-
入れ物,イレモノ,イレモノ,9,人工物-その他,-
肥,コエ,コエ,8,人工物-その他,-
ウラン,ウラン,ウラン,8,自然物,-
地層,チソウ,チソウ,9,場所-自然,e
盟主,メイシュ,メイシュ,9,人,-
雪山,ユキヤマ,ユキヤマ,8,場所-自然,-
物陰,モノカゲ,モノカゲ,7,場所-その他,-
陣中,ジンチュウ,ジンチュウ,8,場所-その他,-
里親,サトオヤ,サトオヤ,7,人,-
岩盤,ガンバン,ガンバン,10,自然物,-
牛蒡,ゴボウ,ゴボウ,8,植物;人工物-食べ物,-
仏陀,ブツダ,ブツダ,7,人,-
新薬,シンヤク,シンヤク,10,人工物-その他,-
アトム,アトム,アトム,7,自然物,-
肢体,シタイ,シタイ,7,動物-部位,-
統帥,トウスイ,トウスイ,7,人,-
文具,ブング,ブング,7,人工物-その他,-
名画,メイガ,メイガ,9,人工物-その他;抽象物,-
折り目,オリメ,オリメ,7,場所-その他,-
豪傑,ゴウケツ,ゴウケツ,8,人,p
知己,チキ,チキ,7,人,-
密林,ミツリン,ミツリン,9,場所-自然,-
バーナー,バーナー,バーナー,8,人工物-その他,-
血清,ケッセイ,ケッセイ,7,自然物,-
塩酸,エンサン,エンサン,8,自然物,-
本館,ホンカン,ホンカン,8,場所-施設,-
地頭,ジガシラ,ジガシラ,8,人,-
ブロンド,ブロンド,ブロンド,8,色,-
女流,ジョリュウ,ジョリュウ,9,人,-
管区,カンク,カンク,10,場所-その他,-
蟷螂,カマキリ,カマキリ,8,動物,-
元首,ゲンシュ,ゲンシュ,8,人,-
トタン,トタン,トタン,7,人工物-その他,-
足掛かり,アシガカリ,アシガカリ,9,場所-その他,-
瞳孔,ドウコウ,ドウコウ,7,動物-部位,-
サボテン,サボテン,サボテン,7,植物,-
鰈,カレイ,カレイ,9,動物;人工物-食べ物,-
深山,ミヤマ,ミヤマ,9,場所-自然,-
主軸,シュジク,シュジク,8,人工物-その他;抽象物,-
オムレツ,オムレツ,オムレツ,8,人工物-食べ物,-
飛車,ヒシャ,ヒシャ,7,人工物-その他,-
熟年,ジュクネン,ジュクネン,9,人;時間,-
鉄棒,テツボウ,テツボウ,8,人工物-その他,-
神器,ジンギ,ジンギ,9,人工物-その他,p
脊髄,セキズイ,セキズイ,8,動物-部位,-
スコッチ,スコッチ,スコッチ,7,人工物-食べ物,-
グラタン,グラタン,グラタン,9,人工物-食べ物,-
棍棒,コンボウ,コンボウ,8,人工物-その他,-
川縁,カワベリ,カワベリ,8,場所-自然,-
海図,カイズ,カイズ,9,人工物-その他;抽象物,-
紙上,シジョウ,シジョウ,8,場所-その他,-
泥鰌,ドジョウ,ドジョウ,9,動物;人工物-食べ物,-
外車,ガイシャ,ガイシャ,7,人工物-乗り物,-
チューリップ,チューリップ,チューリップ,7,植物,-
食道,ショクドウ,ショクドウ,8,動物-部位,-
真鍮,シンチュウ,シンチュウ,8,自然物,-
係長,カカリチョウ,カカリチョウ,9,人,-
寝袋,ネブクロ,ネブクロ,7,人工物-その他,-
兵糧,ヒョウロウ,ヒョウロウ,8,人工物-食べ物,-
羊毛,ヨウモウ,ヨウモウ,8,動物-部位,e
雪道,セツドウ,セツドウ,7,場所-施設,e
徒党,トトウ,トトウ,9,組織・団体,-
血族,ケツゾク,ケツゾク,8,組織・団体,-
山手,ヤマテ,ヤマテ,7,場所-その他,-
名将,メイショウ,メイショウ,9,人,-
砒素,ヒソ,ヒソ,8,自然物,-
皇太后,コウタイゴウ,コウタイゴウ,7,人,-
詰め所,ツメショ,ツメショ,8,場所-施設,-
土足,ドソク,ドソク,8,動物-部位,-
ニッケル,ニッケル,ニッケル,9,自然物,-
鯣,スルメ,スルメ,9,人工物-食べ物,-
フィギュア,フィギュア,フィギュア,8,人工物-その他;抽象物,-
島嶼,トウショ,トウショ,9,場所-自然,-
鳳凰,ホウオウ,ホウオウ,7,動物,e
五重塔,ゴジュウノトウ,ゴジュウノトウ,7,場所-施設,-
川下,カワシモ,カワシモ,8,場所-自然,-
軍手,グンテ,グンテ,7,人工物-衣類,-
同輩,ドウハイ,ドウハイ,9,人,-
中空,チュウクウ,チュウクウ,8,場所-自然,-
前輪,ゼンリン,ゼンリン,8,人工物-その他,-
麦藁,ムギワラ,ムギワラ,7,植物-部位,-
袖口,ソデグチ,ソデグチ,7,人工物-その他,-
プリンセス,プリンセス,プリンセス,8,人,-
温床,オンショウ,オンショウ,9,場所-その他,-
茶髪,チャパツ,チャパツ,7,動物-部位,-
右岸,ウガン,ウガン,8,場所-自然,-
固体,コタイ,コタイ,8,自然物,-
本殿,ホンデン,ホンデン,8,場所-施設,-
澱粉,デンプン,デンプン,9,自然物,-
沙魚,ハゼ,ハゼ,9,動物;人工物-食べ物,-
イチジク,イチジク,イチジク,8,植物;人工物-食べ物,-
油脂,ユシ,ユシ,7,人工物-食べ物,-
機具,キグ,キグ,9,人工物-その他,-
原色,ゲンショク,ゲンショク,9,色,-
義妹,ギマイ,ギマイ,7,人,-
官公庁,カンコウチョウ,カンコウチョウ,10,組織・団体;場所-施設,-
すっぽん,スッポン,スッポン,8,動物;人工物-食べ物,-
漁夫,ギョフ,ギョフ,8,人,-
畦道,アゼミチ,アゼミチ,9,場所-施設,-
毒物,ドクブツ,ドクブツ,9,人工物-その他,-
良品,リョウヒン,リョウヒン,8,人工物-その他,p
口火,クチビ,クチビ,7,自然物,-
両膝,リョウヒザ,リョウヒザ,7,動物-部位,-
内国,ナイコク,ナイコク,8,場所-その他,-
釣り鐘,ツリガネ,ツリガネ,8,人工物-その他,-
ライナー,ライナー,ライナー,7,人工物-その他;抽象物,e
飾り物,カザリモノ,カザリモノ,9,人工物-その他,-
芙蓉,フヨウ,フヨウ,7,植物,-
黴菌,バイキン,バイキン,7,動物,-
細切れ,コマギレ,コマギレ,9,人工物-食べ物,-
用地,ヨウチ,ヨウチ,8,場所-その他,-
キラー,キラー,キラー,9,人,-
ブローカー,ブローカー,ブローカー,8,人,-
トロッコ,トロッコ,トロッコ,7,人工物-乗り物,-
土星,ドセイ,ドセイ,8,自然物,-
市電,シデン,シデン,9,人工物-乗り物,-
アンカー,アンカー,アンカー,7,人;人工物-その他,-
大麦,オオムギ,オオムギ,9,植物,-
草分け,クサワケ,クサワケ,9,人,-
樹皮,ジュヒ,ジュヒ,7,植物-部位,-
酒席,シュセキ,シュセキ,7,場所-その他,-
工兵,コウヘイ,コウヘイ,7,人,-
任地,ニンチ,ニンチ,7,場所-その他,-
鋤,スキ,スキ,8,人工物-その他,-
行き場,ユキバ,ユキバ,10,場所-その他,-
蓑,ミノ,ミノ,7,人工物-衣類,-
早道,ハヤミチ,ハヤミチ,10,場所-施設;抽象物,-
寡婦,カフ,カフ,8,人,-
微温湯,ヌルマユ,ヌルマユ,7,自然物,-
来賓,ライヒン,ライヒン,9,人,-
パイナップル,パイナップル,パイナップル,7,植物;人工物-食べ物,-
弱虫,ヨワムシ,ヨワムシ,8,人,-
シニア,シニア,シニア,7,人,-
下っ端,シタッパ,シタッパ,7,人,-
楔,クサビ,クサビ,9,人工物-その他,-
マート,マート,マート,7,場所-その他,-
洋書,ヨウショ,ヨウショ,9,人工物-その他;抽象物,-
令嬢,レイジョウ,レイジョウ,8,人,-
各省,カクショウ,カクショウ,9,組織・団体,-
土竜,モグラ,モグラ,8,動物,-
身寄り,ミヨリ,ミヨリ,7,人,-
参院,サンイン,サンイン,8,組織・団体,-
室長,シツチョウ,シツチョウ,7,人,-
毒薬,ドクヤク,ドクヤク,7,人工物-その他,-
油田,ユデン,ユデン,8,場所-その他,-
備品,ビヒン,ビヒン,10,人工物-その他,-
働き盛り,ハタラキザカリ,ハタラキザカリ,9,人;時間,-
キャンドル,キャンドル,キャンドル,8,人工物-その他,-
各駅,カクエキ,カクエキ,7,人工物-乗り物,-
石榴,ザクロ,ザクロ,8,植物;人工物-食べ物,-
木星,モクセイ,モクセイ,9,自然物,-
向こう岸,ムコウギシ,ムコウギシ,9,場所-自然,-
牛車,ギュウシャ,ギュウシャ,7,人工物-乗り物,-
新党,シントウ,シントウ,7,組織・団体,-
大洋,タイヨウ,タイヨウ,9,場所-その他,-
東端,トウタン,トウタン,8,場所-その他,-
漁港,ギョコウ,ギョコウ,9,場所-施設,-
終電,シュウデン,シュウデン,7,人工物-乗り物,-
チョッキ,チョッキ,チョッキ,8,人工物-衣類,-
僻地,ヘキチ,ヘキチ,9,場所-その他,-
水系,スイケイ,スイケイ,9,場所-自然,-
壇上,ダンジョウ,ダンジョウ,8,場所-その他,-
白雪,シラユキ,シラユキ,7,自然物,-
局地,キョクチ,キョクチ,9,場所-その他,-
麦畑,ムギバタケ,ムギバタケ,8,場所-その他,-
計器,ケイキ,ケイキ,9,人工物-その他,-
建材,ケンザイ,ケンザイ,8,人工物-その他,-
吸い物,スイモノ,スイモノ,7,人工物-食べ物,-
猟銃,リョウジュウ,リョウジュウ,7,人工物-その他,-
殿堂,デンドウ,デンドウ,9,場所-施設,-
バラック,バラック,バラック,8,場所-施設,-
コロニー,コロニー,コロニー,10,場所-その他,-
飲み水,ノミミズ,ノミミズ,7,自然物,-
町外れ,マチハズレ,マチハズレ,8,場所-その他,-
アカシア,アカシア,アカシア,9,植物,-
兵舎,ヘイシャ,ヘイシャ,7,場所-施設,-
山裾,ヤマスソ,ヤマスソ,8,場所-自然,-
日溜まり,ヒダマリ,ヒダマリ,7,場所-その他,-
ドライヤー,ドライヤー,ドライヤー,7,人工物-その他,-
山猫,ヤマネコ,ヤマネコ,7,動物,-
羊歯,シダ,シダ,7,植物,-
論者,ロンシャ,ロンシャ,8,人,-
各界,カッカイ,カッカイ,9,場所-その他,-
菜種,ナタネ,ナタネ,8,人工物-その他,-
土筆,ツクシ,ツクシ,9,植物-部位;人工物-食べ物,-
連峰,レンポウ,レンポウ,9,場所-自然,-
盆栽,ボンサイ,ボンサイ,9,植物,-
出窓,デマド,デマド,8,場所-施設部位,-
洋館,ヨウカン,ヨウカン,8,場所-施設,-
急流,キュウリュウ,キュウリュウ,8,場所-自然,-
賞品,ショウヒン,ショウヒン,10,人工物-その他,p
瓶詰め,ビンヅメ,ビンヅメ,9,人工物-食べ物,-
火口,カコウ,カコウ,7,場所-自然,-
赤道,セキドウ,セキドウ,8,場所-その他,-
モノレール,モノレール,モノレール,8,人工物-乗り物,-
温帯,オンタイ,オンタイ,7,場所-その他,-
踏切,フミキリ,フミキリ,8,場所-施設,-
洋品,ヨウヒン,ヨウヒン,7,人工物-その他,-
店屋,ミセヤ,ミセヤ,8,場所-施設,-
編み物,アミモノ,アミモノ,7,人工物-その他,e
貸家,カシヤ,カシヤ,7,場所-施設,-
クレーン,クレーン,クレーン,9,人工物-乗り物,-
碁盤,ゴバン,ゴバン,9,人工物-その他,-
玄人,クロウト,クロウト,7,人,p
年鑑,ネンカン,ネンカン,9,人工物-その他;抽象物,-
原書,ゲンショ,ゲンショ,10,人工物-その他;抽象物,-
渡り鳥,ワタリドリ,ワタリドリ,9,動物,-
継ぎ目,ツギメ,ツギメ,8,場所-その他,-
ダンプ,ダンプ,ダンプ,8,人工物-乗り物,e
金槌,カナヅチ,カナヅチ,7,人;人工物-その他,-
吊り革,ツリカワ,ツリカワ,7,人工物-その他,-
雨具,アマグ,アマグ,7,人工物-衣類,-
